"subject","item","Provo_ID","list","accuracy","duration","sound","ended_on","response","correctResponse","Pool","item_quest"
1,4,NA,"A",0,4248.179,"silence","response","TRUE","FALSE","University pool",1
1,4,NA,"A",0,3665.55300000001,"silence","response","FALSE","TRUE","University pool",2
1,1,NA,"A",1,2651.17800000001,"silence","response","TRUE","TRUE","University pool",1
1,1,NA,"A",1,9053.93100000301,"silence","response","FALSE","FALSE","University pool",2
1,7,NA,"A",1,3451.48500000598,"silence","response","FALSE","FALSE","University pool",1
1,7,NA,"A",1,3561.06500000594,"silence","response","TRUE","TRUE","University pool",2
1,13,NA,"A",1,5030.76300000894,"silence","response","FALSE","FALSE","University pool",1
1,13,NA,"A",1,3720.14000000298,"silence","response","TRUE","TRUE","University pool",2
1,10,NA,"A",1,3616.34000000003,"silence","response","TRUE","TRUE","University pool",1
1,10,NA,"A",1,3974.31100001192,"silence","response","TRUE","TRUE","University pool",2
1,8,NA,"A",1,3469.33700000891,"lyrical","response","FALSE","FALSE","University pool",1
1,8,NA,"A",1,5213.92400000303,"lyrical","response","TRUE","TRUE","University pool",2
1,11,NA,"A",0,4889.66900000896,"lyrical","response","TRUE","FALSE","University pool",1
1,11,NA,"A",1,4147.69999999995,"lyrical","response","FALSE","FALSE","University pool",2
1,2,NA,"A",1,3549.34800000302,"lyrical","response","FALSE","FALSE","University pool",1
1,2,NA,"A",0,3067.65800000599,"lyrical","response","TRUE","FALSE","University pool",2
1,5,NA,"A",1,2486.16900000302,"lyrical","response","TRUE","TRUE","University pool",1
1,5,NA,"A",1,2242.34600000002,"lyrical","response","TRUE","TRUE","University pool",2
1,14,NA,"A",1,2773.54300001194,"lyrical","response","FALSE","FALSE","University pool",1
1,14,NA,"A",1,2860.79100000893,"lyrical","response","FALSE","FALSE","University pool",2
1,9,NA,"A",1,3962.14400001196,"instrumental","response","FALSE","FALSE","University pool",1
1,9,NA,"A",1,4771.38500000595,"instrumental","response","FALSE","FALSE","University pool",2
1,3,NA,"A",1,2840.09700001194,"instrumental","response","TRUE","TRUE","University pool",1
1,3,NA,"A",1,1703.65900000592,"instrumental","response","FALSE","FALSE","University pool",2
1,12,NA,"A",0,5222.24500001187,"instrumental","response","TRUE","FALSE","University pool",1
1,12,NA,"A",0,2360.31000000297,"instrumental","response","FALSE","TRUE","University pool",2
1,6,NA,"A",0,4800.48300000303,"instrumental","response","FALSE","TRUE","University pool",1
1,6,NA,"A",1,3330.54700000002,"instrumental","response","FALSE","FALSE","University pool",2
1,15,NA,"A",1,3596.505,"instrumental","response","FALSE","FALSE","University pool",1
1,15,NA,"A",0,2635.06700000598,"instrumental","response","FALSE","TRUE","University pool",2
2,4,NA,"A",1,2033.24099999852,"silence","response","FALSE","FALSE","University pool",1
2,4,NA,"A",1,2131.5419999985,"silence","response","TRUE","TRUE","University pool",2
2,10,NA,"A",1,2099.96999999555,"silence","response","TRUE","TRUE","University pool",1
2,10,NA,"A",1,1573.93200000003,"silence","response","TRUE","TRUE","University pool",2
2,7,NA,"A",1,1867.50100000144,"silence","response","FALSE","FALSE","University pool",1
2,7,NA,"A",1,1899.74499999557,"silence","response","TRUE","TRUE","University pool",2
2,1,NA,"A",1,1901.61099999701,"silence","response","TRUE","TRUE","University pool",1
2,1,NA,"A",1,1628.22899999551,"silence","response","FALSE","FALSE","University pool",2
2,13,NA,"A",0,5901.97699999856,"silence","response","TRUE","FALSE","University pool",1
2,13,NA,"A",1,2622.86200000148,"silence","response","TRUE","TRUE","University pool",2
2,11,NA,"A",0,1714.14099999703,"lyrical","response","TRUE","FALSE","University pool",1
2,11,NA,"A",1,5000.58899999852,"lyrical","response","FALSE","FALSE","University pool",2
2,5,NA,"A",1,1741.33199999551,"lyrical","response","TRUE","TRUE","University pool",1
2,5,NA,"A",1,1676.20300000149,"lyrical","response","TRUE","TRUE","University pool",2
2,8,NA,"A",1,3518.76400000148,"lyrical","response","FALSE","FALSE","University pool",1
2,8,NA,"A",1,1411.58199999551,"lyrical","response","TRUE","TRUE","University pool",2
2,2,NA,"A",1,4851.30399999558,"lyrical","response","FALSE","FALSE","University pool",1
2,2,NA,"A",0,1620.90899999556,"lyrical","response","TRUE","FALSE","University pool",2
2,14,NA,"A",1,1638.84699999995,"lyrical","response","FALSE","FALSE","University pool",1
2,14,NA,"A",0,3445.58299999556,"lyrical","response","TRUE","FALSE","University pool",2
2,3,NA,"A",1,1716.17000000004,"instrumental","response","TRUE","TRUE","University pool",1
2,3,NA,"A",0,1427.84199999552,"instrumental","response","TRUE","FALSE","University pool",2
2,9,NA,"A",1,1783.34500000149,"instrumental","response","FALSE","FALSE","University pool",1
2,9,NA,"A",0,2722.74100000004,"instrumental","response","TRUE","FALSE","University pool",2
2,15,NA,"A",1,1641.6619999985,"instrumental","response","FALSE","FALSE","University pool",1
2,15,NA,"A",1,1673.67500000005,"instrumental","response","TRUE","TRUE","University pool",2
2,12,NA,"A",1,1738.95200000145,"instrumental","response","FALSE","FALSE","University pool",1
2,12,NA,"A",1,1248.58700000145,"instrumental","response","TRUE","TRUE","University pool",2
2,6,NA,"A",1,2851.44200000004,"instrumental","response","TRUE","TRUE","University pool",1
2,6,NA,"A",1,1928.20599999861,"instrumental","response","FALSE","FALSE","University pool",2
3,10,NA,"A",1,5029.59999999998,"silence","response","TRUE","TRUE","University pool",1
3,10,NA,"A",1,5154.65999999997,"silence","response","TRUE","TRUE","University pool",2
3,4,NA,"A",1,2956.73999999999,"silence","response","FALSE","FALSE","University pool",1
3,4,NA,"A",1,2874.15999999997,"silence","response","TRUE","TRUE","University pool",2
3,1,NA,"A",1,2367.46000000002,"silence","response","TRUE","TRUE","University pool",1
3,1,NA,"A",1,2094.44,"silence","response","FALSE","FALSE","University pool",2
3,7,NA,"A",1,5331.34000000003,"silence","response","FALSE","FALSE","University pool",1
3,7,NA,"A",1,3122.20000000001,"silence","response","TRUE","TRUE","University pool",2
3,13,NA,"A",1,3744.14000000001,"silence","response","FALSE","FALSE","University pool",1
3,13,NA,"A",1,5002.46000000002,"silence","response","TRUE","TRUE","University pool",2
3,11,NA,"A",0,2594.29999999999,"lyrical","response","TRUE","FALSE","University pool",1
3,11,NA,"A",1,4426.71999999997,"lyrical","response","FALSE","FALSE","University pool",2
3,14,NA,"A",1,2377.28000000003,"lyrical","response","FALSE","FALSE","University pool",1
3,14,NA,"A",1,3431.43999999994,"lyrical","response","FALSE","FALSE","University pool",2
3,5,NA,"A",1,4843.68000000005,"lyrical","response","TRUE","TRUE","University pool",1
3,5,NA,"A",1,2697.95999999996,"lyrical","response","TRUE","TRUE","University pool",2
3,8,NA,"A",1,3154.95999999996,"lyrical","response","FALSE","FALSE","University pool",1
3,8,NA,"A",1,2284.02000000002,"lyrical","response","TRUE","TRUE","University pool",2
3,2,NA,"A",1,4703.04000000004,"lyrical","response","FALSE","FALSE","University pool",1
3,2,NA,"A",0,6531.73999999999,"lyrical","response","TRUE","FALSE","University pool",2
3,15,NA,"A",1,3472.21999999997,"instrumental","response","FALSE","FALSE","University pool",1
3,15,NA,"A",1,5128.31999999995,"instrumental","response","TRUE","TRUE","University pool",2
3,9,NA,"A",1,2726.43999999994,"instrumental","response","FALSE","FALSE","University pool",1
3,9,NA,"A",1,2960.23999999999,"instrumental","response","FALSE","FALSE","University pool",2
3,12,NA,"A",1,6493.85999999999,"instrumental","response","FALSE","FALSE","University pool",1
3,12,NA,"A",0,3809.19999999995,"instrumental","response","FALSE","TRUE","University pool",2
3,3,NA,"A",1,2321.45999999996,"instrumental","response","TRUE","TRUE","University pool",1
3,3,NA,"A",1,6271.45999999996,"instrumental","response","FALSE","FALSE","University pool",2
3,6,NA,"A",0,4768.78000000003,"instrumental","response","FALSE","TRUE","University pool",1
3,6,NA,"A",1,2284.88,"instrumental","response","FALSE","FALSE","University pool",2
4,13,NA,"A",1,2835.38,"silence","response","FALSE","FALSE","University pool",1
4,13,NA,"A",1,3234.66,"silence","response","TRUE","TRUE","University pool",2
4,7,NA,"A",1,2515.34,"silence","response","FALSE","FALSE","University pool",1
4,7,NA,"A",1,1723.92000000001,"silence","response","TRUE","TRUE","University pool",2
4,1,NA,"A",1,1845.47999999998,"silence","response","TRUE","TRUE","University pool",1
4,1,NA,"A",1,1954.84000000003,"silence","response","FALSE","FALSE","University pool",2
4,10,NA,"A",1,2255.12,"silence","response","TRUE","TRUE","University pool",1
4,10,NA,"A",1,2126.12,"silence","response","TRUE","TRUE","University pool",2
4,4,NA,"A",1,2218.62,"silence","response","FALSE","FALSE","University pool",1
4,4,NA,"A",1,1647.71999999997,"silence","response","TRUE","TRUE","University pool",2
4,8,NA,"A",1,2649.59999999998,"lyrical","response","FALSE","FALSE","University pool",1
4,8,NA,"A",1,1764.91999999998,"lyrical","response","TRUE","TRUE","University pool",2
4,2,NA,"A",1,2426.52000000002,"lyrical","response","FALSE","FALSE","University pool",1
4,2,NA,"A",1,2480.17999999999,"lyrical","response","FALSE","FALSE","University pool",2
4,11,NA,"A",0,1966.38,"lyrical","response","TRUE","FALSE","University pool",1
4,11,NA,"A",0,2855.78000000003,"lyrical","response","TRUE","FALSE","University pool",2
4,14,NA,"A",1,1887.82000000001,"lyrical","response","FALSE","FALSE","University pool",1
4,14,NA,"A",1,3235.38,"lyrical","response","FALSE","FALSE","University pool",2
4,5,NA,"A",1,1914.82000000001,"lyrical","response","TRUE","TRUE","University pool",1
4,5,NA,"A",1,2328.29999999999,"lyrical","response","TRUE","TRUE","University pool",2
4,12,NA,"A",1,1952.88,"instrumental","response","FALSE","FALSE","University pool",1
4,12,NA,"A",1,1232.85999999999,"instrumental","response","TRUE","TRUE","University pool",2
4,15,NA,"A",1,1885.07999999996,"instrumental","response","FALSE","FALSE","University pool",1
4,15,NA,"A",0,1996.43999999994,"instrumental","response","FALSE","TRUE","University pool",2
4,9,NA,"A",1,2224.14000000001,"instrumental","response","FALSE","FALSE","University pool",1
4,9,NA,"A",1,1982.73999999999,"instrumental","response","FALSE","FALSE","University pool",2
4,3,NA,"A",1,1638,"instrumental","response","TRUE","TRUE","University pool",1
4,3,NA,"A",1,1502.33999999997,"instrumental","response","FALSE","FALSE","University pool",2
4,6,NA,"A",1,1666.95999999996,"instrumental","response","TRUE","TRUE","University pool",1
4,6,NA,"A",1,1744.57999999996,"instrumental","response","FALSE","FALSE","University pool",2
5,1,NA,"A",1,2588.53999999998,"silence","response","TRUE","TRUE","University pool",1
5,1,NA,"A",1,2579.84000000003,"silence","response","FALSE","FALSE","University pool",2
5,4,NA,"A",1,2228.70000000001,"silence","response","FALSE","FALSE","University pool",1
5,4,NA,"A",1,2802.44,"silence","response","TRUE","TRUE","University pool",2
5,10,NA,"A",1,2344.15999999997,"silence","response","TRUE","TRUE","University pool",1
5,10,NA,"A",1,4783.08000000002,"silence","response","TRUE","TRUE","University pool",2
5,13,NA,"A",1,4521.34000000003,"silence","response","FALSE","FALSE","University pool",1
5,13,NA,"A",1,2752.35999999999,"silence","response","TRUE","TRUE","University pool",2
5,7,NA,"A",1,1783.5,"silence","response","FALSE","FALSE","University pool",1
5,7,NA,"A",1,1936.52000000002,"silence","response","TRUE","TRUE","University pool",2
5,11,NA,"A",1,4082.76000000001,"lyrical","response","FALSE","FALSE","University pool",1
5,11,NA,"A",1,2174.42000000004,"lyrical","response","FALSE","FALSE","University pool",2
5,5,NA,"A",1,1765.59999999998,"lyrical","response","TRUE","TRUE","University pool",1
5,5,NA,"A",1,3123.30000000005,"lyrical","response","TRUE","TRUE","University pool",2
5,2,NA,"A",1,3261.5,"lyrical","response","FALSE","FALSE","University pool",1
5,2,NA,"A",1,2805.95999999996,"lyrical","response","FALSE","FALSE","University pool",2
5,14,NA,"A",1,2190.31999999995,"lyrical","response","FALSE","FALSE","University pool",1
5,14,NA,"A",1,2759.71999999997,"lyrical","response","FALSE","FALSE","University pool",2
5,8,NA,"A",1,2906.14000000001,"lyrical","response","FALSE","FALSE","University pool",1
5,8,NA,"A",1,1769.45999999996,"lyrical","response","TRUE","TRUE","University pool",2
5,9,NA,"A",1,2835.43999999994,"instrumental","response","FALSE","FALSE","University pool",1
5,9,NA,"A",1,2987,"instrumental","response","FALSE","FALSE","University pool",2
5,3,NA,"A",1,2654.90000000002,"instrumental","response","TRUE","TRUE","University pool",1
5,3,NA,"A",1,1691.16000000003,"instrumental","response","FALSE","FALSE","University pool",2
5,15,NA,"A",1,2260.28000000003,"instrumental","response","FALSE","FALSE","University pool",1
5,15,NA,"A",1,1537.97999999998,"instrumental","response","TRUE","TRUE","University pool",2
5,6,NA,"A",1,5916.85999999999,"instrumental","response","TRUE","TRUE","University pool",1
5,6,NA,"A",1,3236.09999999998,"instrumental","response","FALSE","FALSE","University pool",2
5,12,NA,"A",1,1669.40000000002,"instrumental","response","FALSE","FALSE","University pool",1
5,12,NA,"A",1,1317.04000000004,"instrumental","response","TRUE","TRUE","University pool",2
6,13,NA,"A",1,8545.14299997617,"silence","response","FALSE","FALSE","University pool",1
6,13,NA,"A",1,4825.73099997616,"silence","response","TRUE","TRUE","University pool",2
6,10,NA,"A",1,6996.58000007155,"silence","response","TRUE","TRUE","University pool",1
6,10,NA,"A",1,3862.95100002387,"silence","response","TRUE","TRUE","University pool",2
6,1,NA,"A",1,2940.83800002385,"silence","response","TRUE","TRUE","University pool",1
6,1,NA,"A",1,3016.68900002388,"silence","response","FALSE","FALSE","University pool",2
6,7,NA,"A",1,2821.20300007157,"silence","response","FALSE","FALSE","University pool",1
6,7,NA,"A",1,6137.41999997618,"silence","response","TRUE","TRUE","University pool",2
6,4,NA,"A",0,6065.33599997615,"silence","response","TRUE","FALSE","University pool",1
6,4,NA,"A",1,3831.26800004765,"silence","response","TRUE","TRUE","University pool",2
6,8,NA,"A",1,3777.09200002381,"lyrical","response","FALSE","FALSE","University pool",1
6,8,NA,"A",1,3236.96200004767,"lyrical","response","TRUE","TRUE","University pool",2
6,2,NA,"A",1,8085.23200004769,"lyrical","response","FALSE","FALSE","University pool",1
6,2,NA,"A",0,5863.75,"lyrical","response","TRUE","FALSE","University pool",2
6,5,NA,"A",1,2672.15099997621,"lyrical","response","TRUE","TRUE","University pool",1
6,5,NA,"A",1,3252.20700000005,"lyrical","response","TRUE","TRUE","University pool",2
6,14,NA,"A",1,6542.97700002382,"lyrical","response","FALSE","FALSE","University pool",1
6,14,NA,"A",1,5963.4719999762,"lyrical","response","FALSE","FALSE","University pool",2
6,11,NA,"A",0,7243.75700004771,"lyrical","response","TRUE","FALSE","University pool",1
6,11,NA,"A",0,12441.0889999762,"lyrical","response","TRUE","FALSE","University pool",2
6,15,NA,"A",1,3361.83000000007,"instrumental","response","FALSE","FALSE","University pool",1
6,15,NA,"A",0,4874.83700007154,"instrumental","response","FALSE","TRUE","University pool",2
6,6,NA,"A",1,2873.11800002377,"instrumental","response","TRUE","TRUE","University pool",1
6,6,NA,"A",1,4479.83300007158,"instrumental","response","FALSE","FALSE","University pool",2
6,12,NA,"A",1,3443.82500002393,"instrumental","response","FALSE","FALSE","University pool",1
6,12,NA,"A",1,3663.39800002379,"instrumental","response","TRUE","TRUE","University pool",2
6,9,NA,"A",1,3722.1240000478,"instrumental","response","FALSE","FALSE","University pool",1
6,9,NA,"A",1,4607.49500002386,"instrumental","response","FALSE","FALSE","University pool",2
6,3,NA,"A",1,2456.83400004776,"instrumental","response","TRUE","TRUE","University pool",1
6,3,NA,"A",0,2306.06200004765,"instrumental","response","TRUE","FALSE","University pool",2
7,13,NA,"A",1,4618.514,"silence","response","FALSE","FALSE","University pool",1
7,13,NA,"A",1,4823.78100002385,"silence","response","TRUE","TRUE","University pool",2
7,7,NA,"A",1,2497.41800002387,"silence","response","FALSE","FALSE","University pool",1
7,7,NA,"A",1,4000.56800002384,"silence","response","TRUE","TRUE","University pool",2
7,10,NA,"A",1,2880.63299997617,"silence","response","TRUE","TRUE","University pool",1
7,10,NA,"A",1,4609.32100002386,"silence","response","TRUE","TRUE","University pool",2
7,4,NA,"A",0,3647.8009999881,"silence","response","TRUE","FALSE","University pool",1
7,4,NA,"A",1,4513.50300000003,"silence","response","TRUE","TRUE","University pool",2
7,1,NA,"A",1,2089.38099998806,"silence","response","TRUE","TRUE","University pool",1
7,1,NA,"A",1,2622.39999997616,"silence","response","FALSE","FALSE","University pool",2
7,5,NA,"A",1,1946.18400000001,"lyrical","response","TRUE","TRUE","University pool",1
7,5,NA,"A",1,2818.58900002384,"lyrical","response","TRUE","TRUE","University pool",2
7,11,NA,"A",0,1980.08500000002,"lyrical","response","TRUE","FALSE","University pool",1
7,11,NA,"A",1,10502.3159999762,"lyrical","response","FALSE","FALSE","University pool",2
7,2,NA,"A",1,2749.71599997615,"lyrical","response","FALSE","FALSE","University pool",1
7,2,NA,"A",1,4475.17499999999,"lyrical","response","FALSE","FALSE","University pool",2
7,14,NA,"A",1,2313.20999998809,"lyrical","response","FALSE","FALSE","University pool",1
7,14,NA,"A",1,3462.94399998803,"lyrical","response","FALSE","FALSE","University pool",2
7,8,NA,"A",1,2847.60799998813,"lyrical","response","FALSE","FALSE","University pool",1
7,8,NA,"A",1,2770.90900001198,"lyrical","response","TRUE","TRUE","University pool",2
7,3,NA,"A",1,2419.54300001194,"instrumental","response","TRUE","TRUE","University pool",1
7,3,NA,"A",1,1976.07300001197,"instrumental","response","FALSE","FALSE","University pool",2
7,9,NA,"A",1,2238.14900002384,"instrumental","response","FALSE","FALSE","University pool",1
7,9,NA,"A",1,2963.87100001192,"instrumental","response","FALSE","FALSE","University pool",2
7,6,NA,"A",1,3314.91700001189,"instrumental","response","TRUE","TRUE","University pool",1
7,6,NA,"A",1,3245.73600000003,"instrumental","response","FALSE","FALSE","University pool",2
7,12,NA,"A",1,1740.83799998811,"instrumental","response","FALSE","FALSE","University pool",1
7,12,NA,"A",1,1693.27800001192,"instrumental","response","TRUE","TRUE","University pool",2
7,15,NA,"A",1,1706.272,"instrumental","response","FALSE","FALSE","University pool",1
7,15,NA,"A",1,2294.66500001191,"instrumental","response","TRUE","TRUE","University pool",2
8,13,NA,"B",1,4078.59100000001,"lyrical","response","FALSE","FALSE","University pool",1
8,13,NA,"B",0,2471.42100000038,"lyrical","response","FALSE","TRUE","University pool",2
8,4,NA,"B",1,2573.76000000001,"lyrical","response","FALSE","FALSE","University pool",1
8,4,NA,"B",1,2092.17499999888,"lyrical","response","TRUE","TRUE","University pool",2
8,1,NA,"B",1,2248.16599999962,"lyrical","response","TRUE","TRUE","University pool",1
8,1,NA,"B",1,1650.25400000036,"lyrical","response","FALSE","FALSE","University pool",2
8,10,NA,"B",1,3181.46199999965,"lyrical","response","TRUE","TRUE","University pool",1
8,10,NA,"B",1,2563.29800000001,"lyrical","response","TRUE","TRUE","University pool",2
8,7,NA,"B",1,1823.44900000037,"lyrical","response","FALSE","FALSE","University pool",1
8,7,NA,"B",1,2197.679,"lyrical","response","TRUE","TRUE","University pool",2
8,8,NA,"B",1,2839.92999999964,"instrumental","response","FALSE","FALSE","University pool",1
8,8,NA,"B",1,3794.37299999961,"instrumental","response","TRUE","TRUE","University pool",2
8,5,NA,"B",1,1910.6619999996,"instrumental","response","TRUE","TRUE","University pool",1
8,5,NA,"B",1,2527.85700000002,"instrumental","response","TRUE","TRUE","University pool",2
8,11,NA,"B",0,2874.97499999998,"instrumental","response","TRUE","FALSE","University pool",1
8,11,NA,"B",1,4495.88399999891,"instrumental","response","FALSE","FALSE","University pool",2
8,14,NA,"B",1,1869.34199999995,"instrumental","response","FALSE","FALSE","University pool",1
8,14,NA,"B",1,2283.87100000039,"instrumental","response","FALSE","FALSE","University pool",2
8,2,NA,"B",1,3211.73600000038,"instrumental","response","FALSE","FALSE","University pool",1
8,2,NA,"B",1,2414.40499999886,"instrumental","response","FALSE","FALSE","University pool",2
8,6,NA,"B",1,1804.52699999884,"silence","response","TRUE","TRUE","University pool",1
8,6,NA,"B",1,1780.1239999996,"silence","response","FALSE","FALSE","University pool",2
8,9,NA,"B",1,2453.1459999996,"silence","response","FALSE","FALSE","University pool",1
8,9,NA,"B",1,2015.52999999921,"silence","response","FALSE","FALSE","University pool",2
8,12,NA,"B",1,1705.58999999962,"silence","response","FALSE","FALSE","University pool",1
8,12,NA,"B",0,4762.68900000036,"silence","response","FALSE","TRUE","University pool",2
8,15,NA,"B",1,1735.57299999928,"silence","response","FALSE","FALSE","University pool",1
8,15,NA,"B",0,1614.43799999962,"silence","response","FALSE","TRUE","University pool",2
8,3,NA,"B",1,2477.77400000033,"silence","response","TRUE","TRUE","University pool",1
8,3,NA,"B",0,3994.29099999892,"silence","response","TRUE","FALSE","University pool",2
9,1,NA,"B",1,2312.51700009537,"lyrical","response","TRUE","TRUE","University pool",1
9,1,NA,"B",1,1707.87600014306,"lyrical","response","FALSE","FALSE","University pool",2
9,4,NA,"B",1,1803.98400014307,"lyrical","response","FALSE","FALSE","University pool",1
9,4,NA,"B",1,1822.32100009534,"lyrical","response","TRUE","TRUE","University pool",2
9,10,NA,"B",0,5267.20100014308,"lyrical","response","FALSE","TRUE","University pool",1
9,10,NA,"B",1,2424.47900014307,"lyrical","response","TRUE","TRUE","University pool",2
9,13,NA,"B",1,2803.39500009536,"lyrical","response","FALSE","FALSE","University pool",1
9,13,NA,"B",1,1888.56000014307,"lyrical","response","TRUE","TRUE","University pool",2
9,7,NA,"B",1,2143.95599995233,"lyrical","response","FALSE","FALSE","University pool",1
9,7,NA,"B",1,2042.984,"lyrical","response","TRUE","TRUE","University pool",2
9,11,NA,"B",1,2404.51300014305,"instrumental","response","FALSE","FALSE","University pool",1
9,11,NA,"B",1,3972.58700009534,"instrumental","response","FALSE","FALSE","University pool",2
9,8,NA,"B",1,3065.57000000001,"instrumental","response","FALSE","FALSE","University pool",1
9,8,NA,"B",1,1873.31100004766,"instrumental","response","TRUE","TRUE","University pool",2
9,14,NA,"B",1,1938.65700000001,"instrumental","response","FALSE","FALSE","University pool",1
9,14,NA,"B",1,2476.28099995235,"instrumental","response","FALSE","FALSE","University pool",2
9,2,NA,"B",1,2175.33400014305,"instrumental","response","FALSE","FALSE","University pool",1
9,2,NA,"B",1,2164.17200004769,"instrumental","response","FALSE","FALSE","University pool",2
9,5,NA,"B",1,1765.12700009538,"instrumental","response","TRUE","TRUE","University pool",1
9,5,NA,"B",1,1776.28500009538,"instrumental","response","TRUE","TRUE","University pool",2
9,15,NA,"B",1,2002.54400014307,"silence","response","FALSE","FALSE","University pool",1
9,15,NA,"B",1,1739.76500004763,"silence","response","TRUE","TRUE","University pool",2
9,3,NA,"B",1,1698.54000004765,"silence","response","TRUE","TRUE","University pool",1
9,3,NA,"B",1,1624.63,"silence","response","FALSE","FALSE","University pool",2
9,6,NA,"B",1,1748.19300014304,"silence","response","TRUE","TRUE","University pool",1
9,6,NA,"B",1,2409.4049999523,"silence","response","FALSE","FALSE","University pool",2
9,9,NA,"B",1,1995.74400009541,"silence","response","FALSE","FALSE","University pool",1
9,9,NA,"B",1,1561.71100014308,"silence","response","FALSE","FALSE","University pool",2
9,12,NA,"B",1,1778.64700014307,"silence","response","FALSE","FALSE","University pool",1
9,12,NA,"B",1,1363.92100009532,"silence","response","TRUE","TRUE","University pool",2
10,1,NA,"C",1,3571.50099999702,"instrumental","response","TRUE","TRUE","University pool",1
10,1,NA,"C",1,2370.64499999699,"instrumental","response","FALSE","FALSE","University pool",2
10,10,NA,"C",1,5852.410999997,"instrumental","response","TRUE","TRUE","University pool",1
10,10,NA,"C",1,2651.97899999702,"instrumental","response","TRUE","TRUE","University pool",2
10,13,NA,"C",1,4066.071,"instrumental","response","FALSE","FALSE","University pool",1
10,13,NA,"C",0,3026.42799999705,"instrumental","response","FALSE","TRUE","University pool",2
10,7,NA,"C",1,2470.35399999924,"instrumental","response","FALSE","FALSE","University pool",1
10,7,NA,"C",1,3228.55399999704,"instrumental","response","TRUE","TRUE","University pool",2
10,4,NA,"C",0,5043.88,"instrumental","response","TRUE","FALSE","University pool",1
10,4,NA,"C",1,7881.23499999777,"instrumental","response","TRUE","TRUE","University pool",2
10,5,NA,"C",1,2860.44699999853,"silence","response","TRUE","TRUE","University pool",1
10,5,NA,"C",1,2198.62899999705,"silence","response","TRUE","TRUE","University pool",2
10,2,NA,"C",0,6798.06899999699,"silence","response","TRUE","FALSE","University pool",1
10,2,NA,"C",1,3826.33299999853,"silence","response","FALSE","FALSE","University pool",2
10,14,NA,"C",1,2389.34599999851,"silence","response","FALSE","FALSE","University pool",1
10,14,NA,"C",1,2854.87600000005,"silence","response","FALSE","FALSE","University pool",2
10,8,NA,"C",1,11121.9069999993,"silence","response","FALSE","FALSE","University pool",1
10,8,NA,"C",1,2949.9829999978,"silence","response","TRUE","TRUE","University pool",2
10,11,NA,"C",1,4880.45799999929,"silence","response","FALSE","FALSE","University pool",1
10,11,NA,"C",0,4138.37599999923,"silence","response","TRUE","FALSE","University pool",2
10,15,NA,"C",1,2382.85099999851,"lyrical","response","FALSE","FALSE","University pool",1
10,15,NA,"C",0,1913.78099999856,"lyrical","response","FALSE","TRUE","University pool",2
10,6,NA,"C",0,2344.86099999701,"lyrical","response","FALSE","TRUE","University pool",1
10,6,NA,"C",1,2867.28899999696,"lyrical","response","FALSE","FALSE","University pool",2
10,9,NA,"C",1,2787.16099999775,"lyrical","response","FALSE","FALSE","University pool",1
10,9,NA,"C",1,179.006999999983,"lyrical","response","FALSE","FALSE","University pool",2
10,3,NA,"C",1,2717.73600000003,"lyrical","response","TRUE","TRUE","University pool",1
10,3,NA,"C",1,1802.74599999853,"lyrical","response","FALSE","FALSE","University pool",2
10,12,NA,"C",1,4223.09100000001,"lyrical","response","FALSE","FALSE","University pool",1
10,12,NA,"C",0,2418.78499999701,"lyrical","response","FALSE","TRUE","University pool",2
11,10,NA,"C",1,2679.46100000595,"instrumental","response","TRUE","TRUE","University pool",1
11,10,NA,"C",1,2438.90300000599,"instrumental","response","TRUE","TRUE","University pool",2
11,13,NA,"C",1,3491.473,"instrumental","response","FALSE","FALSE","University pool",1
11,13,NA,"C",1,2836.641,"instrumental","response","TRUE","TRUE","University pool",2
11,1,NA,"C",1,4096.72699999402,"instrumental","response","TRUE","TRUE","University pool",1
11,1,NA,"C",1,1886.08899999998,"instrumental","response","FALSE","FALSE","University pool",2
11,4,NA,"C",1,2532.29099998809,"instrumental","response","FALSE","FALSE","University pool",1
11,4,NA,"C",1,6787.0839999881,"instrumental","response","TRUE","TRUE","University pool",2
11,7,NA,"C",1,2971.45500000002,"instrumental","response","FALSE","FALSE","University pool",1
11,7,NA,"C",1,2342.73499999405,"instrumental","response","TRUE","TRUE","University pool",2
11,2,NA,"C",1,4047.3389999881,"silence","response","FALSE","FALSE","University pool",1
11,2,NA,"C",1,2982.73600000597,"silence","response","FALSE","FALSE","University pool",2
11,11,NA,"C",1,4553.90500000003,"silence","response","FALSE","FALSE","University pool",1
11,11,NA,"C",1,3107.875,"silence","response","FALSE","FALSE","University pool",2
11,8,NA,"C",1,4579.93199999403,"silence","response","FALSE","FALSE","University pool",1
11,8,NA,"C",1,3876.913000006,"silence","response","TRUE","TRUE","University pool",2
11,5,NA,"C",1,2706.05699999409,"silence","response","TRUE","TRUE","University pool",1
11,5,NA,"C",1,3329.18699998211,"silence","response","TRUE","TRUE","University pool",2
11,14,NA,"C",1,2742.15299998212,"silence","response","FALSE","FALSE","University pool",1
11,14,NA,"C",1,2743.01700000593,"silence","response","FALSE","FALSE","University pool",2
11,12,NA,"C",1,2175.58399998804,"lyrical","response","FALSE","FALSE","University pool",1
11,12,NA,"C",1,1944.94399998803,"lyrical","response","TRUE","TRUE","University pool",2
11,6,NA,"C",1,2254.31999998807,"lyrical","response","TRUE","TRUE","University pool",1
11,6,NA,"C",1,2611.70999998215,"lyrical","response","FALSE","FALSE","University pool",2
11,3,NA,"C",1,2794.47900000599,"lyrical","response","TRUE","TRUE","University pool",1
11,3,NA,"C",1,2014.54299999401,"lyrical","response","FALSE","FALSE","University pool",2
11,15,NA,"C",1,2750.42399999406,"lyrical","response","FALSE","FALSE","University pool",1
11,15,NA,"C",1,2453.80299999996,"lyrical","response","TRUE","TRUE","University pool",2
11,9,NA,"C",1,2656.9099999941,"lyrical","response","FALSE","FALSE","University pool",1
11,9,NA,"C",1,2478.11000000592,"lyrical","response","FALSE","FALSE","University pool",2
12,10,NA,"D",1,2073.83699980925,"silence","response","TRUE","TRUE","University pool",1
12,10,NA,"D",1,1497.97399999999,"silence","response","TRUE","TRUE","University pool",2
12,7,NA,"D",0,1851.72599980928,"silence","response","TRUE","FALSE","University pool",1
12,7,NA,"D",1,1545.15399985694,"silence","response","TRUE","TRUE","University pool",2
12,1,NA,"D",1,1657.24799995229,"silence","response","TRUE","TRUE","University pool",1
12,1,NA,"D",1,1190.30899985693,"silence","response","FALSE","FALSE","University pool",2
12,13,NA,"D",1,2103.42799990461,"silence","response","FALSE","FALSE","University pool",1
12,13,NA,"D",1,1142.03799985693,"silence","response","TRUE","TRUE","University pool",2
12,4,NA,"D",1,1750.49399985693,"silence","response","FALSE","FALSE","University pool",1
12,4,NA,"D",1,1124.29200000002,"silence","response","TRUE","TRUE","University pool",2
12,11,NA,"D",0,1666.09999985696,"lyrical","response","TRUE","FALSE","University pool",1
12,11,NA,"D",0,2247.47999995231,"lyrical","response","TRUE","FALSE","University pool",2
12,2,NA,"D",1,2189.65699995233,"lyrical","response","FALSE","FALSE","University pool",1
12,2,NA,"D",0,1490.11299995234,"lyrical","response","TRUE","FALSE","University pool",2
12,8,NA,"D",1,2170.48700000002,"lyrical","response","FALSE","FALSE","University pool",1
12,8,NA,"D",1,1134.68599995231,"lyrical","response","TRUE","TRUE","University pool",2
12,14,NA,"D",1,1482.33299980924,"lyrical","response","FALSE","FALSE","University pool",1
12,14,NA,"D",1,2093.71499990462,"lyrical","response","FALSE","FALSE","University pool",2
12,5,NA,"D",1,2230.23599980929,"lyrical","response","TRUE","TRUE","University pool",1
12,5,NA,"D",1,1197.96199995233,"lyrical","response","TRUE","TRUE","University pool",2
12,15,NA,"D",1,1652.58100000001,"instrumental","response","FALSE","FALSE","University pool",1
12,15,NA,"D",0,1499.9099999523,"instrumental","response","FALSE","TRUE","University pool",2
12,12,NA,"D",1,3157.36699990463,"instrumental","response","FALSE","FALSE","University pool",1
12,12,NA,"D",1,1078.8689999046,"instrumental","response","TRUE","TRUE","University pool",2
12,9,NA,"D",1,1554.92399980931,"instrumental","response","FALSE","FALSE","University pool",1
12,9,NA,"D",1,1833.44799990463,"instrumental","response","FALSE","FALSE","University pool",2
12,3,NA,"D",1,1492.49399980926,"instrumental","response","TRUE","TRUE","University pool",1
12,3,NA,"D",1,1108.62499980931,"instrumental","response","FALSE","FALSE","University pool",2
12,6,NA,"D",0,1267.56599995226,"instrumental","response","FALSE","TRUE","University pool",1
12,6,NA,"D",1,2009.084999857,"instrumental","response","FALSE","FALSE","University pool",2
13,4,NA,"D",1,2341.96900000001,"silence","response","FALSE","FALSE","University pool",1
13,4,NA,"D",1,1547.481,"silence","response","TRUE","TRUE","University pool",2
13,10,NA,"D",1,3311.07499995231,"silence","response","TRUE","TRUE","University pool",1
13,10,NA,"D",1,1904.39299997615,"silence","response","TRUE","TRUE","University pool",2
13,7,NA,"D",0,2278.58999997616,"silence","response","TRUE","FALSE","University pool",1
13,7,NA,"D",1,2091.52499995229,"silence","response","TRUE","TRUE","University pool",2
13,13,NA,"D",1,2413.598,"silence","response","FALSE","FALSE","University pool",1
13,13,NA,"D",1,3743.14099992847,"silence","response","TRUE","TRUE","University pool",2
13,1,NA,"D",1,2069.63499990461,"silence","response","TRUE","TRUE","University pool",1
13,1,NA,"D",1,1156.24099990464,"silence","response","FALSE","FALSE","University pool",2
13,11,NA,"D",0,2167.70599990466,"lyrical","response","TRUE","FALSE","University pool",1
13,11,NA,"D",0,3179.21500000003,"lyrical","response","TRUE","FALSE","University pool",2
13,14,NA,"D",1,2336.54499999998,"lyrical","response","FALSE","FALSE","University pool",1
13,14,NA,"D",1,2692.99200000003,"lyrical","response","FALSE","FALSE","University pool",2
13,5,NA,"D",1,2143.84799995233,"lyrical","response","TRUE","TRUE","University pool",1
13,5,NA,"D",1,1206.478,"lyrical","response","TRUE","TRUE","University pool",2
13,8,NA,"D",1,2215.39500000002,"lyrical","response","FALSE","FALSE","University pool",1
13,8,NA,"D",1,1802.77799992845,"lyrical","response","TRUE","TRUE","University pool",2
13,2,NA,"D",1,2781.40099990461,"lyrical","response","FALSE","FALSE","University pool",1
13,2,NA,"D",1,1908.42599990463,"lyrical","response","FALSE","FALSE","University pool",2
13,6,NA,"D",1,1822.72099990468,"instrumental","response","TRUE","TRUE","University pool",1
13,6,NA,"D",1,1833.75799992844,"instrumental","response","FALSE","FALSE","University pool",2
13,3,NA,"D",1,2050.81200000003,"instrumental","response","TRUE","TRUE","University pool",1
13,3,NA,"D",1,1041.17599990463,"instrumental","response","FALSE","FALSE","University pool",2
13,15,NA,"D",1,1985.41099992848,"instrumental","response","FALSE","FALSE","University pool",1
13,15,NA,"D",1,2628.603,"instrumental","response","TRUE","TRUE","University pool",2
13,9,NA,"D",1,2654.29599990463,"instrumental","response","FALSE","FALSE","University pool",1
13,9,NA,"D",1,1767.45499997621,"instrumental","response","FALSE","FALSE","University pool",2
13,12,NA,"D",1,1684.75100000005,"instrumental","response","FALSE","FALSE","University pool",1
13,12,NA,"D",1,809.351999999955,"instrumental","response","TRUE","TRUE","University pool",2
14,4,NA,"E",1,2188.29999999405,"lyrical","response","FALSE","FALSE","University pool",1
14,4,NA,"E",1,2047.52100000001,"lyrical","response","TRUE","TRUE","University pool",2
14,7,NA,"E",1,2041.99599999405,"lyrical","response","FALSE","FALSE","University pool",1
14,7,NA,"E",1,2166.2799999821,"lyrical","response","TRUE","TRUE","University pool",2
14,13,NA,"E",1,5096.42099999404,"lyrical","response","FALSE","FALSE","University pool",1
14,13,NA,"E",1,2797.75300000003,"lyrical","response","TRUE","TRUE","University pool",2
14,1,NA,"E",1,2167.44699998212,"lyrical","response","TRUE","TRUE","University pool",1
14,1,NA,"E",1,1712.36099998211,"lyrical","response","FALSE","FALSE","University pool",2
14,10,NA,"E",1,3354.12899998808,"lyrical","response","TRUE","TRUE","University pool",1
14,10,NA,"E",1,3159.64599998214,"lyrical","response","TRUE","TRUE","University pool",2
14,5,NA,"E",1,1921.14299998211,"instrumental","response","TRUE","TRUE","University pool",1
14,5,NA,"E",0,3465.35399998212,"instrumental","response","FALSE","TRUE","University pool",2
14,8,NA,"E",1,2810.69399998209,"instrumental","response","FALSE","FALSE","University pool",1
14,8,NA,"E",1,2869.69499998214,"instrumental","response","TRUE","TRUE","University pool",2
14,2,NA,"E",1,3156.21599999402,"instrumental","response","FALSE","FALSE","University pool",1
14,2,NA,"E",1,4200.85699998209,"instrumental","response","FALSE","FALSE","University pool",2
14,11,NA,"E",0,2332.50699998217,"instrumental","response","TRUE","FALSE","University pool",1
14,11,NA,"E",1,3624.82599998813,"instrumental","response","FALSE","FALSE","University pool",2
14,14,NA,"E",1,1972.85100000002,"instrumental","response","FALSE","FALSE","University pool",1
14,14,NA,"E",1,2597.82200000004,"instrumental","response","FALSE","FALSE","University pool",2
14,3,NA,"E",1,2554.385999994,"silence","response","TRUE","TRUE","University pool",1
14,3,NA,"E",1,5622.505,"silence","response","FALSE","FALSE","University pool",2
14,6,NA,"E",1,3801.9449999762,"silence","response","TRUE","TRUE","University pool",1
14,6,NA,"E",1,2085.505,"silence","response","FALSE","FALSE","University pool",2
14,15,NA,"E",1,2659.45299999998,"silence","response","FALSE","FALSE","University pool",1
14,15,NA,"E",0,2104.65599997621,"silence","response","FALSE","TRUE","University pool",2
14,9,NA,"E",1,2306.18099999405,"silence","response","FALSE","FALSE","University pool",1
14,9,NA,"E",1,2541.12099998211,"silence","response","FALSE","FALSE","University pool",2
14,12,NA,"E",1,2418.30899999407,"silence","response","FALSE","FALSE","University pool",1
14,12,NA,"E",0,2138.06299998809,"silence","response","FALSE","TRUE","University pool",2
15,10,NA,"E",1,5356.95899999997,"lyrical","response","TRUE","TRUE","University pool",1
15,10,NA,"E",1,3600.71100004768,"lyrical","response","TRUE","TRUE","University pool",2
15,7,NA,"E",1,2768.75599985698,"lyrical","response","FALSE","FALSE","University pool",1
15,7,NA,"E",1,2924.62599990465,"lyrical","response","TRUE","TRUE","University pool",2
15,13,NA,"E",1,9988.78700004768,"lyrical","response","FALSE","FALSE","University pool",1
15,13,NA,"E",1,4767.35199985694,"lyrical","response","TRUE","TRUE","University pool",2
15,4,NA,"E",1,5150.77000004769,"lyrical","response","FALSE","FALSE","University pool",1
15,4,NA,"E",1,4091.45799999998,"lyrical","response","TRUE","TRUE","University pool",2
15,1,NA,"E",1,3887.15899999999,"lyrical","response","TRUE","TRUE","University pool",1
15,1,NA,"E",1,2647.101999857,"lyrical","response","FALSE","FALSE","University pool",2
15,14,NA,"E",1,2696.70299990464,"instrumental","response","FALSE","FALSE","University pool",1
15,14,NA,"E",1,3065.61099985696,"instrumental","response","FALSE","FALSE","University pool",2
15,11,NA,"E",1,4754.924,"instrumental","response","FALSE","FALSE","University pool",1
15,11,NA,"E",1,5884.76199985691,"instrumental","response","FALSE","FALSE","University pool",2
15,2,NA,"E",1,4201.829999857,"instrumental","response","FALSE","FALSE","University pool",1
15,2,NA,"E",1,4221.03199990466,"instrumental","response","FALSE","FALSE","University pool",2
15,8,NA,"E",1,4561.19199985696,"instrumental","response","FALSE","FALSE","University pool",1
15,8,NA,"E",1,3086.65299995232,"instrumental","response","TRUE","TRUE","University pool",2
15,5,NA,"E",1,2928.6329999523,"instrumental","response","TRUE","TRUE","University pool",1
15,5,NA,"E",1,6642.7169999046,"instrumental","response","TRUE","TRUE","University pool",2
15,15,NA,"E",1,5620.91699985694,"silence","response","FALSE","FALSE","University pool",1
15,15,NA,"E",0,5524.79499985697,"silence","response","FALSE","TRUE","University pool",2
15,3,NA,"E",1,2130.92499995232,"silence","response","TRUE","TRUE","University pool",1
15,3,NA,"E",1,2298.5460000477,"silence","response","FALSE","FALSE","University pool",2
15,12,NA,"E",0,4564.37900004769,"silence","response","TRUE","FALSE","University pool",1
15,12,NA,"E",1,5958.59900000005,"silence","response","TRUE","TRUE","University pool",2
15,9,NA,"E",1,2704.15200004773,"silence","response","FALSE","FALSE","University pool",1
15,9,NA,"E",1,3271.9939999046,"silence","response","FALSE","FALSE","University pool",2
15,6,NA,"E",1,2497.46799990465,"silence","response","TRUE","TRUE","University pool",1
15,6,NA,"E",1,3184.64799995231,"silence","response","FALSE","FALSE","University pool",2
16,10,NA,"F",1,2387.55099999404,"instrumental","response","TRUE","TRUE","University pool",1
16,10,NA,"F",1,4413.60699999554,"instrumental","response","TRUE","TRUE","University pool",2
16,4,NA,"F",1,2099.55299999405,"instrumental","response","FALSE","FALSE","University pool",1
16,4,NA,"F",1,1517.11099999852,"instrumental","response","TRUE","TRUE","University pool",2
16,13,NA,"F",1,3177.64399999852,"instrumental","response","FALSE","FALSE","University pool",1
16,13,NA,"F",1,1629.43799999999,"instrumental","response","TRUE","TRUE","University pool",2
16,7,NA,"F",1,1647.47799999407,"instrumental","response","FALSE","FALSE","University pool",1
16,7,NA,"F",1,1695.42599999998,"instrumental","response","TRUE","TRUE","University pool",2
16,1,NA,"F",1,1751.40299999999,"instrumental","response","TRUE","TRUE","University pool",1
16,1,NA,"F",1,1548.45999999699,"instrumental","response","FALSE","FALSE","University pool",2
16,8,NA,"F",1,1851.30899999704,"silence","response","FALSE","FALSE","University pool",1
16,8,NA,"F",1,1991.40199999849,"silence","response","TRUE","TRUE","University pool",2
16,11,NA,"F",1,2372.89699999552,"silence","response","FALSE","FALSE","University pool",1
16,11,NA,"F",0,2152.7539999985,"silence","response","TRUE","FALSE","University pool",2
16,5,NA,"F",1,1966.875,"silence","response","TRUE","TRUE","University pool",1
16,5,NA,"F",1,1229.14999999403,"silence","response","TRUE","TRUE","University pool",2
16,14,NA,"F",1,1747.77099999401,"silence","response","FALSE","FALSE","University pool",1
16,14,NA,"F",1,3929.89899999404,"silence","response","FALSE","FALSE","University pool",2
16,2,NA,"F",1,2108.46999999997,"silence","response","FALSE","FALSE","University pool",1
16,2,NA,"F",1,1665.69699999999,"silence","response","FALSE","FALSE","University pool",2
16,12,NA,"F",1,2840.50400000002,"lyrical","response","FALSE","FALSE","University pool",1
16,12,NA,"F",1,948.358999997028,"lyrical","response","TRUE","TRUE","University pool",2
16,3,NA,"F",1,1589.06799999852,"lyrical","response","TRUE","TRUE","University pool",1
16,3,NA,"F",1,1143.0639999985,"lyrical","response","FALSE","FALSE","University pool",2
16,15,NA,"F",1,1612.48599999701,"lyrical","response","FALSE","FALSE","University pool",1
16,15,NA,"F",0,1723.40099999704,"lyrical","response","FALSE","TRUE","University pool",2
16,9,NA,"F",1,1749.39199999697,"lyrical","response","FALSE","FALSE","University pool",1
16,9,NA,"F",1,1598.64899999707,"lyrical","response","FALSE","FALSE","University pool",2
16,6,NA,"F",1,1631.93500000006,"lyrical","response","TRUE","TRUE","University pool",1
16,6,NA,"F",1,1825.61599999398,"lyrical","response","FALSE","FALSE","University pool",2
17,4,NA,"F",1,2242.89500000075,"instrumental","response","FALSE","FALSE","University pool",1
17,4,NA,"F",1,3859.14800000036,"instrumental","response","TRUE","TRUE","University pool",2
17,7,NA,"F",1,1813.17100000073,"instrumental","response","FALSE","FALSE","University pool",1
17,7,NA,"F",1,2387.78900000075,"instrumental","response","TRUE","TRUE","University pool",2
17,10,NA,"F",1,2622.42600000073,"instrumental","response","TRUE","TRUE","University pool",1
17,10,NA,"F",1,1846.46200000076,"instrumental","response","TRUE","TRUE","University pool",2
17,13,NA,"F",1,2785.37200000073,"instrumental","response","FALSE","FALSE","University pool",1
17,13,NA,"F",1,1755.81700000074,"instrumental","response","TRUE","TRUE","University pool",2
17,1,NA,"F",1,1738.23200000072,"instrumental","response","TRUE","TRUE","University pool",1
17,1,NA,"F",1,1622.13100000075,"instrumental","response","FALSE","FALSE","University pool",2
17,14,NA,"F",1,2082.93199999962,"silence","response","FALSE","FALSE","University pool",1
17,14,NA,"F",1,3896.80300000036,"silence","response","FALSE","FALSE","University pool",2
17,11,NA,"F",0,2104.48200000072,"silence","response","TRUE","FALSE","University pool",1
17,11,NA,"F",0,5957.99300000037,"silence","response","TRUE","FALSE","University pool",2
17,5,NA,"F",1,1852.72200000077,"silence","response","TRUE","TRUE","University pool",1
17,5,NA,"F",1,1476.01600000076,"silence","response","TRUE","TRUE","University pool",2
17,2,NA,"F",1,3364.18400000071,"silence","response","FALSE","FALSE","University pool",1
17,2,NA,"F",1,2846.60600000073,"silence","response","FALSE","FALSE","University pool",2
17,8,NA,"F",1,3534.10000000079,"silence","response","FALSE","FALSE","University pool",1
17,8,NA,"F",1,2042.26700000069,"silence","response","TRUE","TRUE","University pool",2
17,9,NA,"F",1,2132.7010000007,"lyrical","response","FALSE","FALSE","University pool",1
17,9,NA,"F",1,3159.79100000078,"lyrical","response","FALSE","FALSE","University pool",2
17,6,NA,"F",0,2452.99700000079,"lyrical","response","FALSE","TRUE","University pool",1
17,6,NA,"F",1,2883.6100000008,"lyrical","response","FALSE","FALSE","University pool",2
17,3,NA,"F",1,1937.76500000071,"lyrical","response","TRUE","TRUE","University pool",1
17,3,NA,"F",1,1540.81400000071,"lyrical","response","FALSE","FALSE","University pool",2
17,12,NA,"F",1,2099.53200000036,"lyrical","response","FALSE","FALSE","University pool",1
17,12,NA,"F",1,1864.83400000073,"lyrical","response","TRUE","TRUE","University pool",2
17,15,NA,"F",1,2189.18100000115,"lyrical","response","FALSE","FALSE","University pool",1
17,15,NA,"F",0,2159.40500000073,"lyrical","response","FALSE","TRUE","University pool",2
