"subject","list","music","song_number","music_set","snippet_file","Pool","familiarity","preference","pleasantness","offensiveness","distraction","actual_artist","actual_song_name","artist_name","song_name"
1,"A","lyrical","1","A","static/A1_lyrical.mp3","University pool",10,7,6,1,4,"Eminem","The way I am","Eminem",""
1,"A","lyrical","2","A","static/A2_lyrical.mp3","University pool",3,1,2,1,4,"Post Malone","WoW","",""
1,"A","lyrical","3","A","static/A3_lyrical.mp3","University pool",8,9,7,1,4,"Nicki Minaj (feat. Rihanna)","Fly","Nicki minaj","fly"
1,"A","instrumental","1","B","static/B1_instrumental.mp3","University pool",10,7,7,1,6,"Jessie J (feat. B.o.B)","Price tag","Jessie J","Price Tag"
1,"A","instrumental","2","B","static/B2_instrumental.mp3","University pool",6,5,5,1,4,"Iggy Azalea (ft. Charli XCX)","Fancy","",""
1,"A","instrumental","3","B","static/B3_instrumental.mp3","University pool",8,6,5,1,4,"Outkast","Ms. Jackson","","sorry ms jackson"
2,"A","lyrical","1","A","static/A1_lyrical.mp3","University pool",1,5,3,1,6,"Eminem","The way I am","Eminem ",""
2,"A","lyrical","2","A","static/A2_lyrical.mp3","University pool",10,5,6,1,1,"Post Malone","WoW","",""
2,"A","lyrical","3","A","static/A3_lyrical.mp3","University pool",1,7,NA,1,8,"Nicki Minaj (feat. Rihanna)","Fly","",""
2,"A","instrumental","1","B","static/B1_instrumental.mp3","University pool",10,7,8,1,8,"Jessie J (feat. B.o.B)","Price tag","",""
2,"A","instrumental","2","B","static/B2_instrumental.mp3","University pool",10,5,5,1,6,"Iggy Azalea (ft. Charli XCX)","Fancy","Iggy Azalia","Fancy"
2,"A","instrumental","3","B","static/B3_instrumental.mp3","University pool",1,3,1,1,8,"Outkast","Ms. Jackson","",""
3,"A","lyrical","1","A","static/A1_lyrical.mp3","University pool",10,2,2,2,7,"Eminem","The way I am","",""
3,"A","lyrical","2","A","static/A2_lyrical.mp3","University pool",9,9,7,2,6,"Post Malone","WoW","",""
3,"A","lyrical","3","A","static/A3_lyrical.mp3","University pool",9,7,7,1,5,"Nicki Minaj (feat. Rihanna)","Fly","Jessie J","fly"
3,"A","instrumental","1","B","static/B1_instrumental.mp3","University pool",9,7,7,1,6,"Jessie J (feat. B.o.B)","Price tag","Jessie J","Price Tag"
3,"A","instrumental","2","B","static/B2_instrumental.mp3","University pool",9,8,7,2,7,"Iggy Azalea (ft. Charli XCX)","Fancy","Iggy Azalia","Fancy"
3,"A","instrumental","3","B","static/B3_instrumental.mp3","University pool",9,9,9,1,8,"Outkast","Ms. Jackson","","Miss Jackson"
4,"A","lyrical","1","A","static/A1_lyrical.mp3","University pool",7,7,6,2,9,"Eminem","The way I am","Eminem","N/A"
4,"A","lyrical","2","A","static/A2_lyrical.mp3","University pool",10,10,10,1,6,"Post Malone","WoW","Post malone","Wow"
4,"A","lyrical","3","A","static/A3_lyrical.mp3","University pool",10,10,10,1,5,"Nicki Minaj (feat. Rihanna)","Fly","Nicki Minaj and Rihanna","Fly"
4,"A","instrumental","1","B","static/B1_instrumental.mp3","University pool",10,7,8,1,5,"Jessie J (feat. B.o.B)","Price tag","Jessie J","Price Tag"
4,"A","instrumental","2","B","static/B2_instrumental.mp3","University pool",10,10,10,1,8,"Iggy Azalea (ft. Charli XCX)","Fancy","Iggy Azealea and Charlie XCX","Fancy"
4,"A","instrumental","3","B","static/B3_instrumental.mp3","University pool",10,10,10,1,7,"Outkast","Ms. Jackson","Outkast","Ms Jackson"
5,"A","lyrical","1","A","static/A1_lyrical.mp3","University pool",10,8,9,1,7,"Eminem","The way I am","Eminem","N/A"
5,"A","lyrical","2","A","static/A2_lyrical.mp3","University pool",1,1,3,1,7,"Post Malone","WoW","Post malone","N/A"
5,"A","lyrical","3","A","static/A3_lyrical.mp3","University pool",3,2,4,1,9,"Nicki Minaj (feat. Rihanna)","Fly","Nicki Minaj and Rihanna","Fly"
5,"A","instrumental","1","B","static/B1_instrumental.mp3","University pool",10,5,5,1,1,"Jessie J (feat. B.o.B)","Price tag","Jessie J","Price Tag"
5,"A","instrumental","2","B","static/B2_instrumental.mp3","University pool",10,1,1,1,10,"Iggy Azalea (ft. Charli XCX)","Fancy","Iggy Azealea and Charlie XCX","Fancy"
5,"A","instrumental","3","B","static/B3_instrumental.mp3","University pool",1,1,1,1,4,"Outkast","Ms. Jackson","Outkast","N/A"
6,"A","lyrical","1","A","static/A1_lyrical.mp3","University pool",6,5,4,1,7,"Eminem","The way I am","Eminem",""
6,"A","lyrical","2","A","static/A2_lyrical.mp3","University pool",2,2,3,1,7,"Post Malone","WoW","Outkast",""
6,"A","lyrical","3","A","static/A3_lyrical.mp3","University pool",8,5,5,1,6,"Nicki Minaj (feat. Rihanna)","Fly","Rihanna",""
6,"A","instrumental","1","B","static/B1_instrumental.mp3","University pool",7,3,4,1,4,"Jessie J (feat. B.o.B)","Price tag","Jessie J","Price Tag"
6,"A","instrumental","2","B","static/B2_instrumental.mp3","University pool",8,3,3,1,7,"Iggy Azalea (ft. Charli XCX)","Fancy","Iggy Azalea/Charlie XCX","Fancy"
6,"A","instrumental","3","B","static/B3_instrumental.mp3","University pool",9,9,8,1,6,"Outkast","Ms. Jackson","","Ms. Jackson"
7,"A","lyrical","1","A","static/A1_lyrical.mp3","University pool",1,4,7,1,9,"Eminem","The way I am","Eminem",""
7,"A","lyrical","2","A","static/A2_lyrical.mp3","University pool",10,5,10,1,9,"Post Malone","WoW","Post Malone","fly"
7,"A","lyrical","3","A","static/A3_lyrical.mp3","University pool",10,9,10,1,10,"Nicki Minaj (feat. Rihanna)","Fly","Nicki minaj","fly"
7,"A","instrumental","1","B","static/B1_instrumental.mp3","University pool",10,2,5,1,4,"Jessie J (feat. B.o.B)","Price tag","Jessie J","Price Tag"
7,"A","instrumental","2","B","static/B2_instrumental.mp3","University pool",10,2,2,1,4,"Iggy Azalea (ft. Charli XCX)","Fancy","Iggy Azalia","Fancy"
7,"A","instrumental","3","B","static/B3_instrumental.mp3","University pool",1,3,5,1,3,"Outkast","Ms. Jackson","Outcast","Miss Jackson"
8,"A","lyrical","1","A","static/A1_lyrical.mp3","University pool",8,4,4,3,10,"Eminem","The way I am","Eminem",""
8,"A","lyrical","2","A","static/A2_lyrical.mp3","University pool",10,9,9,2,8,"Post Malone","WoW","Post Malone","Wow"
8,"A","lyrical","3","A","static/A3_lyrical.mp3","University pool",9,6,7,1,7,"Nicki Minaj (feat. Rihanna)","Fly","rhianna","fly"
8,"A","instrumental","1","B","static/B1_instrumental.mp3","University pool",10,7,6,1,7,"Jessie J (feat. B.o.B)","Price tag","Jessie J","Price tag"
8,"A","instrumental","2","B","static/B2_instrumental.mp3","University pool",10,7,5,5,9,"Iggy Azalea (ft. Charli XCX)","Fancy","Iggy Azaelea","Fancy"
8,"A","instrumental","3","B","static/B3_instrumental.mp3","University pool",5,4,5,2,6,"Outkast","Ms. Jackson","",""
9,"A","lyrical","1","A","static/A1_lyrical.mp3","University pool",10,5,5,1,10,"Eminem","The way I am","Eminem",""
9,"A","lyrical","2","A","static/A2_lyrical.mp3","University pool",10,7,8,1,5,"Post Malone","WoW","Post Malone","Wow"
9,"A","lyrical","3","A","static/A3_lyrical.mp3","University pool",10,8,8,1,6,"Nicki Minaj (feat. Rihanna)","Fly","Rihanna and Nicki Minaj","Fly"
9,"A","instrumental","1","B","static/B1_instrumental.mp3","University pool",10,4,4,1,6,"Jessie J (feat. B.o.B)","Price tag","Jessie J","Price Tag"
9,"A","instrumental","2","B","static/B2_instrumental.mp3","University pool",10,8,7,1,9,"Iggy Azalea (ft. Charli XCX)","Fancy","Iggy Azealez and Charlie XCX","Fancy"
9,"A","instrumental","3","B","static/B3_instrumental.mp3","University pool",10,10,10,1,4,"Outkast","Ms. Jackson","","Ms Jackson"
10,"A","lyrical","1","A","static/A1_lyrical.mp3","University pool",2,4,5,1,9,"Eminem","The way I am","Eminem","Fly"
10,"A","lyrical","2","A","static/A2_lyrical.mp3","University pool",8,7,8,1,5,"Post Malone","WoW","Post malone","Wow"
10,"A","lyrical","3","A","static/A3_lyrical.mp3","University pool",10,5,5,1,4,"Nicki Minaj (feat. Rihanna)","Fly","Nicki Minaj and Rihanna","Fly"
10,"A","instrumental","1","B","static/B1_instrumental.mp3","University pool",10,5,6,1,3,"Jessie J (feat. B.o.B)","Price tag","Jessie J","Price Tag"
10,"A","instrumental","2","B","static/B2_instrumental.mp3","University pool",10,4,4,1,6,"Iggy Azalea (ft. Charli XCX)","Fancy","Iggy Azealea and Charlie XCX","Fancy"
10,"A","instrumental","3","B","static/B3_instrumental.mp3","University pool",10,10,9,1,7,"Outkast","Ms. Jackson","Outkast","Ms Jackson"
11,"A","lyrical","1","A","static/A1_lyrical.mp3","University pool",10,8,5,2,7,"Eminem","The way I am","Eminem",""
11,"A","lyrical","2","A","static/A2_lyrical.mp3","University pool",8,7,7,1,6,"Post Malone","WoW","Post Malone",""
11,"A","lyrical","3","A","static/A3_lyrical.mp3","University pool",8,3,5,1,3,"Nicki Minaj (feat. Rihanna)","Fly","Rihanna",""
11,"A","instrumental","1","B","static/B1_instrumental.mp3","University pool",10,7,5,1,6,"Jessie J (feat. B.o.B)","Price tag","Jessie J","Pricetag"
11,"A","instrumental","2","B","static/B2_instrumental.mp3","University pool",7,3,4,1,4,"Iggy Azalea (ft. Charli XCX)","Fancy","Charlie XCX","Fancy"
11,"A","instrumental","3","B","static/B3_instrumental.mp3","University pool",8,6,4,3,4,"Outkast","Ms. Jackson","Outkast","Miss Jackson"
12,"A","lyrical","1","A","static/A1_lyrical.mp3","University pool",7,7,6,1,8,"Eminem","The way I am","eminem","???"
12,"A","lyrical","2","A","static/A2_lyrical.mp3","University pool",7,8,7,1,3,"Post Malone","WoW","post malone","???"
12,"A","lyrical","3","A","static/A3_lyrical.mp3","University pool",10,10,10,1,1,"Nicki Minaj (feat. Rihanna)","Fly","rihanna",""
12,"A","instrumental","1","B","static/B1_instrumental.mp3","University pool",10,5,7,1,2,"Jessie J (feat. B.o.B)","Price tag","jessie j","price tag"
12,"A","instrumental","2","B","static/B2_instrumental.mp3","University pool",10,8,5,1,7,"Iggy Azalea (ft. Charli XCX)","Fancy","iggy ","fancy"
12,"A","instrumental","3","B","static/B3_instrumental.mp3","University pool",10,10,10,1,1,"Outkast","Ms. Jackson","outkast","ms jackson "
13,"A","lyrical","1","A","static/A1_lyrical.mp3","University pool",9,8,7,1,8,"Eminem","The way I am","Eminem","N/A"
13,"A","lyrical","2","A","static/A2_lyrical.mp3","University pool",10,10,10,1,9,"Post Malone","WoW","Post malone","Wow"
13,"A","lyrical","3","A","static/A3_lyrical.mp3","University pool",10,10,10,1,10,"Nicki Minaj (feat. Rihanna)","Fly","Nicki Minaj and Rihanna","Fly"
13,"A","instrumental","1","B","static/B1_instrumental.mp3","University pool",10,10,9,1,8,"Jessie J (feat. B.o.B)","Price tag","Jessie J","Price Tag"
13,"A","instrumental","2","B","static/B2_instrumental.mp3","University pool",10,10,8,1,8,"Iggy Azalea (ft. Charli XCX)","Fancy","Iggy Azealea and Charlie XCX","Fancy"
13,"A","instrumental","3","B","static/B3_instrumental.mp3","University pool",10,10,10,1,10,"Outkast","Ms. Jackson","Outkast","Ms Jackson"
14,"A","lyrical","1","A","static/A1_lyrical.mp3","University pool",3,5,4,NA,8,"Eminem","The way I am","Eminem",""
14,"A","lyrical","2","A","static/A2_lyrical.mp3","University pool",10,9,9,1,9,"Post Malone","WoW","Post Malone","wow"
14,"A","lyrical","3","A","static/A3_lyrical.mp3","University pool",9,7,7,1,8,"Nicki Minaj (feat. Rihanna)","Fly","Rihanna",""
14,"A","instrumental","1","B","static/B1_instrumental.mp3","University pool",10,3,3,1,6,"Jessie J (feat. B.o.B)","Price tag","Jessie J","Price tag"
14,"A","instrumental","2","B","static/B2_instrumental.mp3","University pool",10,8,8,1,7,"Iggy Azalea (ft. Charli XCX)","Fancy","Iggy Azealia","Fancy"
14,"A","instrumental","3","B","static/B3_instrumental.mp3","University pool",5,5,5,1,6,"Outkast","Ms. Jackson","",""
15,"A","lyrical","1","A","static/A1_lyrical.mp3","University pool",10,10,10,1,10,"Eminem","The way I am","Eminem","The way I am"
15,"A","lyrical","2","A","static/A2_lyrical.mp3","University pool",10,10,10,1,10,"Post Malone","WoW","Post Malone","Wow!"
15,"A","lyrical","3","A","static/A3_lyrical.mp3","University pool",7,6,8,1,7,"Nicki Minaj (feat. Rihanna)","Fly","Rihanna","Fly"
15,"A","instrumental","1","B","static/B1_instrumental.mp3","University pool",10,3,5,1,3,"Jessie J (feat. B.o.B)","Price tag","Jessie J, BOB","Price tag"
15,"A","instrumental","2","B","static/B2_instrumental.mp3","University pool",10,9,9,1,3,"Iggy Azalea (ft. Charli XCX)","Fancy","Iggy Azelea, Charli XCX","Fancy"
15,"A","instrumental","3","B","static/B3_instrumental.mp3","University pool",10,7,8,1,3,"Outkast","Ms. Jackson","","Ms Jackson"
16,"A","lyrical","1","A","static/A1_lyrical.mp3","University pool",3,5,7,1,9,"Eminem","The way I am","Eminem",""
16,"A","lyrical","2","A","static/A2_lyrical.mp3","University pool",10,7,9,1,3,"Post Malone","WoW","",""
16,"A","lyrical","3","A","static/A3_lyrical.mp3","University pool",10,1,2,1,7,"Nicki Minaj (feat. Rihanna)","Fly","",""
16,"A","instrumental","1","B","static/B1_instrumental.mp3","University pool",10,8,6,1,2,"Jessie J (feat. B.o.B)","Price tag","Jessie J","Pricetag"
16,"A","instrumental","2","B","static/B2_instrumental.mp3","University pool",10,10,10,1,8,"Iggy Azalea (ft. Charli XCX)","Fancy","Iggy Azalea","Fancy"
16,"A","instrumental","3","B","static/B3_instrumental.mp3","University pool",10,10,10,1,1,"Outkast","Ms. Jackson","OutKast","Ms Jackson"
17,"A","lyrical","1","A","static/A1_lyrical.mp3","University pool",8,8,6,4,9,"Eminem","The way I am","eminem",""
17,"A","lyrical","2","A","static/A2_lyrical.mp3","University pool",10,7,7,2,8,"Post Malone","WoW","post malone","wow"
17,"A","lyrical","3","A","static/A3_lyrical.mp3","University pool",9,5,5,1,5,"Nicki Minaj (feat. Rihanna)","Fly","little mix",""
17,"A","instrumental","1","B","static/B1_instrumental.mp3","University pool",10,4,5,1,7,"Jessie J (feat. B.o.B)","Price tag","jessie j","price tag"
17,"A","instrumental","2","B","static/B2_instrumental.mp3","University pool",10,7,7,2,8,"Iggy Azalea (ft. Charli XCX)","Fancy","iggy azalea","fancy"
17,"A","instrumental","3","B","static/B3_instrumental.mp3","University pool",10,9,9,1,8,"Outkast","Ms. Jackson","outkast","mrs jackson"
18,"A","lyrical","1","A","static/A1_lyrical.mp3","University pool",5,3,2,2,9,"Eminem","The way I am","",""
18,"A","lyrical","2","A","static/A2_lyrical.mp3","University pool",5,5,5,4,5,"Post Malone","WoW","",""
18,"A","lyrical","3","A","static/A3_lyrical.mp3","University pool",9,6,10,1,6,"Nicki Minaj (feat. Rihanna)","Fly","FEATURTNG CARDI B","FLY"
18,"A","instrumental","1","B","static/B1_instrumental.mp3","University pool",10,4,8,1,4,"Jessie J (feat. B.o.B)","Price tag","JESSI J","PRICE TAG"
18,"A","instrumental","2","B","static/B2_instrumental.mp3","University pool",9,5,6,4,6,"Iggy Azalea (ft. Charli XCX)","Fancy","IGGY","FANCY"
18,"A","instrumental","3","B","static/B3_instrumental.mp3","University pool",7,6,6,1,4,"Outkast","Ms. Jackson","",""
19,"A","lyrical","1","A","static/A1_lyrical.mp3","University pool",6,6,6,6,10,"Eminem","The way I am","Eminem",""
19,"A","lyrical","2","A","static/A2_lyrical.mp3","University pool",8,5,5,6,10,"Post Malone","WoW","",""
19,"A","lyrical","3","A","static/A3_lyrical.mp3","University pool",10,8,9,1,10,"Nicki Minaj (feat. Rihanna)","Fly","Rhianna","Fly"
19,"A","instrumental","1","B","static/B1_instrumental.mp3","University pool",10,7,8,1,10,"Jessie J (feat. B.o.B)","Price tag","Jessie J","Price Tag"
19,"A","instrumental","2","B","static/B2_instrumental.mp3","University pool",10,9,9,3,10,"Iggy Azalea (ft. Charli XCX)","Fancy","Iggy Azalea","Fancy"
19,"A","instrumental","3","B","static/B3_instrumental.mp3","University pool",2,5,8,1,4,"Outkast","Ms. Jackson","",""
20,"B","lyrical","1","A","static/A1_lyrical.mp3","University pool",5,7,6,3,9,"Eminem","The way I am","Eminem",""
20,"B","lyrical","2","A","static/A2_lyrical.mp3","University pool",4,3,4,1,5,"Post Malone","WoW","Post malone",""
20,"B","lyrical","3","A","static/A3_lyrical.mp3","University pool",7,6,7,1,4,"Nicki Minaj (feat. Rihanna)","Fly","",""
20,"B","instrumental","1","B","static/B1_instrumental.mp3","University pool",10,9,10,1,10,"Jessie J (feat. B.o.B)","Price tag","","money"
20,"B","instrumental","2","B","static/B2_instrumental.mp3","University pool",10,6,5,3,5,"Iggy Azalea (ft. Charli XCX)","Fancy","SOmeone featuring Iggy Azalea","Fancy"
20,"B","instrumental","3","B","static/B3_instrumental.mp3","University pool",9,10,10,1,2,"Outkast","Ms. Jackson","","Miss Jackson"
21,"B","lyrical","1","A","static/A1_lyrical.mp3","University pool",10,2,2,1,8,"Eminem","The way I am","Eminem","N/A"
21,"B","lyrical","2","A","static/A2_lyrical.mp3","University pool",10,9,9,1,8,"Post Malone","WoW","Post malone","Wow"
21,"B","lyrical","3","A","static/A3_lyrical.mp3","University pool",9,6,6,1,7,"Nicki Minaj (feat. Rihanna)","Fly","Rihanna","Fly"
21,"B","instrumental","1","B","static/B1_instrumental.mp3","University pool",10,8,8,1,6,"Jessie J (feat. B.o.B)","Price tag","Jessie J","Price Tag"
21,"B","instrumental","2","B","static/B2_instrumental.mp3","University pool",10,5,5,2,7,"Iggy Azalea (ft. Charli XCX)","Fancy","Iggy Azealea and Charlie XCX","Fancy"
21,"B","instrumental","3","B","static/B3_instrumental.mp3","University pool",10,4,8,1,6,"Outkast","Ms. Jackson","Outkast","Ms Jackson"
22,"B","lyrical","1","A","static/A1_lyrical.mp3","University pool",10,7,6,4,5,"Eminem","The way I am","eminem",""
22,"B","lyrical","2","A","static/A2_lyrical.mp3","University pool",10,9,9,2,4,"Post Malone","WoW","post malone","wow"
22,"B","lyrical","3","A","static/A3_lyrical.mp3","University pool",8,7,6,2,6,"Nicki Minaj (feat. Rihanna)","Fly","",""
22,"B","instrumental","1","B","static/B1_instrumental.mp3","University pool",8,5,5,2,3,"Jessie J (feat. B.o.B)","Price tag","Jesy J","Price tag"
22,"B","instrumental","2","B","static/B2_instrumental.mp3","University pool",8,7,6,2,5,"Iggy Azalea (ft. Charli XCX)","Fancy","Iggy Azalia","fancy"
22,"B","instrumental","3","B","static/B3_instrumental.mp3","University pool",9,9,8,2,3,"Outkast","Ms. Jackson","","Ms Jackson"
23,"B","lyrical","1","A","static/A1_lyrical.mp3","University pool",3,8,6,1,9,"Eminem","The way I am","Eminem","Fancy"
23,"B","lyrical","2","A","static/A2_lyrical.mp3","University pool",10,8,9,1,3,"Post Malone","WoW","Post Malone","Wow"
23,"B","lyrical","3","A","static/A3_lyrical.mp3","University pool",5,2,9,1,2,"Nicki Minaj (feat. Rihanna)","Fly","Jessie J","Fancy"
23,"B","instrumental","1","B","static/B1_instrumental.mp3","University pool",10,5,8,1,3,"Jessie J (feat. B.o.B)","Price tag","Jessie J","Price Tag"
23,"B","instrumental","2","B","static/B2_instrumental.mp3","University pool",8,8,4,1,6,"Iggy Azalea (ft. Charli XCX)","Fancy","Outkast","Fancy"
23,"B","instrumental","3","B","static/B3_instrumental.mp3","University pool",10,9,9,1,4,"Outkast","Ms. Jackson","Outkast","Ms. Jackson"
24,"B","lyrical","1","A","static/A1_lyrical.mp3","University pool",10,5,5,2,9,"Eminem","The way I am","Eminem",""
24,"B","lyrical","2","A","static/A2_lyrical.mp3","University pool",2,1,1,3,9,"Post Malone","WoW","",""
24,"B","lyrical","3","A","static/A3_lyrical.mp3","University pool",4,6,6,1,4,"Nicki Minaj (feat. Rihanna)","Fly","",""
24,"B","instrumental","1","B","static/B1_instrumental.mp3","University pool",10,7,7,1,3,"Jessie J (feat. B.o.B)","Price tag","Jessie J","Price Tag"
24,"B","instrumental","2","B","static/B2_instrumental.mp3","University pool",2,2,2,2,9,"Iggy Azalea (ft. Charli XCX)","Fancy","",""
24,"B","instrumental","3","B","static/B3_instrumental.mp3","University pool",8,5,5,2,8,"Outkast","Ms. Jackson","","Ms. Jackson"
25,"B","lyrical","1","A","static/A1_lyrical.mp3","University pool",8,6,7,1,9,"Eminem","The way I am","Eminem",""
25,"B","lyrical","2","A","static/A2_lyrical.mp3","University pool",10,10,10,1,7,"Post Malone","WoW","Post malone","Wow"
25,"B","lyrical","3","A","static/A3_lyrical.mp3","University pool",10,9,9,1,4,"Nicki Minaj (feat. Rihanna)","Fly","Nicki Minaj and Rihanna","Fly"
25,"B","instrumental","1","B","static/B1_instrumental.mp3","University pool",10,8,8,1,7,"Jessie J (feat. B.o.B)","Price tag","Jessie J","Price Tag"
25,"B","instrumental","2","B","static/B2_instrumental.mp3","University pool",10,4,3,1,10,"Iggy Azalea (ft. Charli XCX)","Fancy","Iggy Azealea and Charlie XCX","Fancy"
25,"B","instrumental","3","B","static/B3_instrumental.mp3","University pool",10,8,6,1,6,"Outkast","Ms. Jackson","Outkast","Ms Jackson"
26,"B","lyrical","1","A","static/A1_lyrical.mp3","University pool",4,5,3,1,8,"Eminem","The way I am",NA,NA
26,"B","lyrical","2","A","static/A2_lyrical.mp3","University pool",1,6,4,1,7,"Post Malone","WoW",NA,NA
26,"B","lyrical","3","A","static/A3_lyrical.mp3","University pool",1,5,7,1,6,"Nicki Minaj (feat. Rihanna)","Fly",NA,NA
26,"B","instrumental","1","B","static/B1_instrumental.mp3","University pool",9,10,9,1,3,"Jessie J (feat. B.o.B)","Price tag",NA,NA
26,"B","instrumental","2","B","static/B2_instrumental.mp3","University pool",NA,NA,NA,NA,NA,"Iggy Azalea (ft. Charli XCX)","Fancy",NA,NA
26,"B","instrumental","3","B","static/B3_instrumental.mp3","University pool",1,3,5,1,7,"Outkast","Ms. Jackson",NA,NA
27,"B","lyrical","1","A","static/A1_lyrical.mp3","University pool",10,10,8,1,4,"Eminem","The way I am","Eminem","The Way I Am"
27,"B","lyrical","2","A","static/A2_lyrical.mp3","University pool",1,3,5,1,2,"Post Malone","WoW","Post Malone",""
27,"B","lyrical","3","A","static/A3_lyrical.mp3","University pool",2,1,5,1,4,"Nicki Minaj (feat. Rihanna)","Fly","Rihanna","Fly"
27,"B","instrumental","1","B","static/B1_instrumental.mp3","University pool",10,7,10,1,5,"Jessie J (feat. B.o.B)","Price tag","Jessie J","Price Tag"
27,"B","instrumental","2","B","static/B2_instrumental.mp3","University pool",8,7,8,1,10,"Iggy Azalea (ft. Charli XCX)","Fancy","Iggy Azalea/Charlie XCX","Fast Lane"
27,"B","instrumental","3","B","static/B3_instrumental.mp3","University pool",3,1,5,1,10,"Outkast","Ms. Jackson","",""
28,"B","lyrical","1","A","static/A1_lyrical.mp3","University pool",2,1,1,1,10,"Eminem","The way I am","Eminem",""
28,"B","lyrical","2","A","static/A2_lyrical.mp3","University pool",10,5,5,1,10,"Post Malone","WoW","",""
28,"B","lyrical","3","A","static/A3_lyrical.mp3","University pool",10,9,9,1,6,"Nicki Minaj (feat. Rihanna)","Fly","",""
28,"B","instrumental","1","B","static/B1_instrumental.mp3","University pool",10,5,5,1,1,"Jessie J (feat. B.o.B)","Price tag","Jessie J","Price Tag"
28,"B","instrumental","2","B","static/B2_instrumental.mp3","University pool",10,1,1,1,5,"Iggy Azalea (ft. Charli XCX)","Fancy","",""
28,"B","instrumental","3","B","static/B3_instrumental.mp3","University pool",10,7,8,1,5,"Outkast","Ms. Jackson","","Sorry Miss Jackson"
29,"B","lyrical","1","A","static/A1_lyrical.mp3","University pool",6,3,4,6,8,"Eminem","The way I am","Eminem",""
29,"B","lyrical","2","A","static/A2_lyrical.mp3","University pool",8,5,7,2,8,"Post Malone","WoW","",""
29,"B","lyrical","3","A","static/A3_lyrical.mp3","University pool",6,5,7,1,5,"Nicki Minaj (feat. Rihanna)","Fly","Beyonce",""
29,"B","instrumental","1","B","static/B1_instrumental.mp3","University pool",10,7,9,1,4,"Jessie J (feat. B.o.B)","Price tag","Price Tag ","Jessie J"
29,"B","instrumental","2","B","static/B2_instrumental.mp3","University pool",9,6,7,1,4,"Iggy Azalea (ft. Charli XCX)","Fancy","Fancy","Iggy "
29,"B","instrumental","3","B","static/B3_instrumental.mp3","University pool",10,7,8,1,6,"Outkast","Ms. Jackson","","Miss Jackson"
30,"B","lyrical","1","A","static/A1_lyrical.mp3","University pool",10,10,10,5,8,"Eminem","The way I am","Eminem ",""
30,"B","lyrical","2","A","static/A2_lyrical.mp3","University pool",7,8,7,5,8,"Post Malone","WoW","",""
30,"B","lyrical","3","A","static/A3_lyrical.mp3","University pool",7,6,6,3,6,"Nicki Minaj (feat. Rihanna)","Fly","Rihanna",""
30,"B","instrumental","1","B","static/B1_instrumental.mp3","University pool",10,8,8,1,4,"Jessie J (feat. B.o.B)","Price tag","Jesse J","Price Tag"
30,"B","instrumental","2","B","static/B2_instrumental.mp3","University pool",1,3,2,1,8,"Iggy Azalea (ft. Charli XCX)","Fancy","",""
30,"B","instrumental","3","B","static/B3_instrumental.mp3","University pool",8,5,NA,1,4,"Outkast","Ms. Jackson","",""
31,"B","lyrical","1","A","static/A1_lyrical.mp3","University pool",4,7,6,1,10,"Eminem","The way I am","Eminem","The Way I Am"
31,"B","lyrical","2","A","static/A2_lyrical.mp3","University pool",10,9,9,1,10,"Post Malone","WoW","Post Malone","Wow"
31,"B","lyrical","3","A","static/A3_lyrical.mp3","University pool",8,6,6,1,4,"Nicki Minaj (feat. Rihanna)","Fly","Rihanna","Fly"
31,"B","instrumental","1","B","static/B1_instrumental.mp3","University pool",10,9,9,1,3,"Jessie J (feat. B.o.B)","Price tag","Jessie J","Price Tag"
31,"B","instrumental","2","B","static/B2_instrumental.mp3","University pool",10,10,8,1,10,"Iggy Azalea (ft. Charli XCX)","Fancy","Iggy Azalea/Charlie XCX","Fancy"
31,"B","instrumental","3","B","static/B3_instrumental.mp3","University pool",10,10,10,1,10,"Outkast","Ms. Jackson","Outkast","Ms. Jackson"
32,"B","lyrical","1","A","static/A1_lyrical.mp3","University pool",10,7,7,2,10,"Eminem","The way I am","eminem",""
32,"B","lyrical","2","A","static/A2_lyrical.mp3","University pool",1,10,10,1,7,"Post Malone","WoW","","g wagon"
32,"B","lyrical","3","A","static/A3_lyrical.mp3","University pool",1,10,6,1,9,"Nicki Minaj (feat. Rihanna)","Fly","",""
32,"B","instrumental","1","B","static/B1_instrumental.mp3","University pool",10,2,5,NA,3,"Jessie J (feat. B.o.B)","Price tag","jessie j ","price tag"
32,"B","instrumental","2","B","static/B2_instrumental.mp3","University pool",8,8,8,1,5,"Iggy Azalea (ft. Charli XCX)","Fancy","iggy azalea","fancy "
32,"B","instrumental","3","B","static/B3_instrumental.mp3","University pool",1,10,10,1,4,"Outkast","Ms. Jackson","",""
33,"B","lyrical","1","A","static/A1_lyrical.mp3","University pool",4,7,5,4,10,"Eminem","The way I am","Eminem",""
33,"B","lyrical","2","A","static/A2_lyrical.mp3","University pool",9,3,3,3,5,"Post Malone","WoW","","taste"
33,"B","lyrical","3","A","static/A3_lyrical.mp3","University pool",7,6,8,2,5,"Nicki Minaj (feat. Rihanna)","Fly","rihanna",""
33,"B","instrumental","1","B","static/B1_instrumental.mp3","University pool",10,3,5,1,8,"Jessie J (feat. B.o.B)","Price tag","jessie j","price tag"
33,"B","instrumental","2","B","static/B2_instrumental.mp3","University pool",10,7,7,4,7,"Iggy Azalea (ft. Charli XCX)","Fancy","iggy azalea","fancy"
33,"B","instrumental","3","B","static/B3_instrumental.mp3","University pool",7,7,6,2,3,"Outkast","Ms. Jackson","","im sorry miss jackson?"
34,"B","lyrical","1","A","static/A1_lyrical.mp3","University pool",8,6,6,5,4,"Eminem","The way I am","Eminem","the real slim shady"
34,"B","lyrical","2","A","static/A2_lyrical.mp3","University pool",10,8,8,1,9,"Post Malone","WoW","",""
34,"B","lyrical","3","A","static/A3_lyrical.mp3","University pool",10,8,8,1,9,"Nicki Minaj (feat. Rihanna)","Fly","",""
34,"B","instrumental","1","B","static/B1_instrumental.mp3","University pool",10,9,9,1,9,"Jessie J (feat. B.o.B)","Price tag","Jessie J","Price tag"
34,"B","instrumental","2","B","static/B2_instrumental.mp3","University pool",9,7,7,1,9,"Iggy Azalea (ft. Charli XCX)","Fancy","iggy azalea ","fancy"
34,"B","instrumental","3","B","static/B3_instrumental.mp3","University pool",5,4,4,1,2,"Outkast","Ms. Jackson","",""
35,"B","lyrical","1","A","static/A1_lyrical.mp3","University pool",6,1,1,1,10,"Eminem","The way I am","",""
35,"B","lyrical","2","A","static/A2_lyrical.mp3","University pool",10,3,3,1,10,"Post Malone","WoW","",""
35,"B","lyrical","3","A","static/A3_lyrical.mp3","University pool",10,1,1,1,6,"Nicki Minaj (feat. Rihanna)","Fly","",""
35,"B","instrumental","1","B","static/B1_instrumental.mp3","University pool",10,6,5,1,8,"Jessie J (feat. B.o.B)","Price tag","Jessie J","Pricetag"
35,"B","instrumental","2","B","static/B2_instrumental.mp3","University pool",10,6,3,1,10,"Iggy Azalea (ft. Charli XCX)","Fancy","",""
35,"B","instrumental","3","B","static/B3_instrumental.mp3","University pool",10,5,6,1,8,"Outkast","Ms. Jackson","",""
36,"B","lyrical","1","A","static/A1_lyrical.mp3","University pool",8,7,7,2,9,"Eminem","The way I am","Eminem",""
36,"B","lyrical","2","A","static/A2_lyrical.mp3","University pool",9,8,8,2,6,"Post Malone","WoW","post malone","wow"
36,"B","lyrical","3","A","static/A3_lyrical.mp3","University pool",6,6,8,1,4,"Nicki Minaj (feat. Rihanna)","Fly","",""
36,"B","instrumental","1","B","static/B1_instrumental.mp3","University pool",10,4,7,1,4,"Jessie J (feat. B.o.B)","Price tag","jessie j","price tag"
36,"B","instrumental","2","B","static/B2_instrumental.mp3","University pool",NA,NA,NA,NA,NA,"Iggy Azalea (ft. Charli XCX)","Fancy","",""
36,"B","instrumental","3","B","static/B3_instrumental.mp3","University pool",10,5,7,1,6,"Outkast","Ms. Jackson","",""
37,"C","lyrical","1","A","static/A1_lyrical.mp3","University pool",10,10,10,1,9,"Eminem","The way I am","Eminem","the way I am"
37,"C","lyrical","2","A","static/A2_lyrical.mp3","University pool",10,7,8,1,6,"Post Malone","WoW","Post Malone","Wow"
37,"C","lyrical","3","A","static/A3_lyrical.mp3","University pool",7,5,5,1,5,"Nicki Minaj (feat. Rihanna)","Fly","Rihanna",""
37,"C","instrumental","1","B","static/B1_instrumental.mp3","University pool",9,6,6,1,4,"Jessie J (feat. B.o.B)","Price tag","Jessie J","Pricetag"
37,"C","instrumental","2","B","static/B2_instrumental.mp3","University pool",9,4,4,1,5,"Iggy Azalea (ft. Charli XCX)","Fancy","Iggy Azeala","Fancy"
37,"C","instrumental","3","B","static/B3_instrumental.mp3","University pool",10,10,10,1,8,"Outkast","Ms. Jackson","Outkast","Ms Jackson"
38,"C","lyrical","1","A","static/A1_lyrical.mp3","University pool",3,1,1,2,10,"Eminem","The way I am","Eminem",""
38,"C","lyrical","2","A","static/A2_lyrical.mp3","University pool",10,8,8,1,10,"Post Malone","WoW","Post Malone","Wow"
38,"C","lyrical","3","A","static/A3_lyrical.mp3","University pool",10,6,8,1,10,"Nicki Minaj (feat. Rihanna)","Fly","",""
38,"C","instrumental","1","B","static/B1_instrumental.mp3","University pool",10,8,8,1,10,"Jessie J (feat. B.o.B)","Price tag","Jessie J","Price Tag"
38,"C","instrumental","2","B","static/B2_instrumental.mp3","University pool",10,8,9,1,10,"Iggy Azalea (ft. Charli XCX)","Fancy","","Fancy"
38,"C","instrumental","3","B","static/B3_instrumental.mp3","University pool",10,9,10,1,10,"Outkast","Ms. Jackson","Outkast","Ms. Jackson"
39,"C","lyrical","1","A","static/A1_lyrical.mp3","University pool",5,6,5,4,10,"Eminem","The way I am","Eminem",""
39,"C","lyrical","2","A","static/A2_lyrical.mp3","University pool",10,8,7,2,7,"Post Malone","WoW","Post Malone","WOW"
39,"C","lyrical","3","A","static/A3_lyrical.mp3","University pool",10,7,9,2,6,"Nicki Minaj (feat. Rihanna)","Fly","Nicki minaj ","fly"
39,"C","instrumental","1","B","static/B1_instrumental.mp3","University pool",10,8,10,1,8,"Jessie J (feat. B.o.B)","Price tag","Jessie J","Price Tag"
39,"C","instrumental","2","B","static/B2_instrumental.mp3","University pool",10,8,8,2,7,"Iggy Azalea (ft. Charli XCX)","Fancy","Iggy Azalia","Fancy"
39,"C","instrumental","3","B","static/B3_instrumental.mp3","University pool",10,8,8,2,7,"Outkast","Ms. Jackson","Outcast","Miss Jackson"
40,"C","lyrical","1","A","static/A1_lyrical.mp3","University pool",2,2,2,8,3,"Eminem","The way I am","",""
40,"C","lyrical","2","A","static/A2_lyrical.mp3","University pool",4,4,5,5,4,"Post Malone","WoW","",""
40,"C","lyrical","3","A","static/A3_lyrical.mp3","University pool",5,5,5,1,5,"Nicki Minaj (feat. Rihanna)","Fly","",""
40,"C","instrumental","1","B","static/B1_instrumental.mp3","University pool",10,10,10,1,10,"Jessie J (feat. B.o.B)","Price tag","Jessie J","Pricetag"
40,"C","instrumental","2","B","static/B2_instrumental.mp3","University pool",6,5,5,5,5,"Iggy Azalea (ft. Charli XCX)","Fancy","",""
40,"C","instrumental","3","B","static/B3_instrumental.mp3","University pool",4,5,5,2,3,"Outkast","Ms. Jackson","",""
41,"C","lyrical","1","A","static/A1_lyrical.mp3","University pool",10,10,8,1,9,"Eminem","The way I am","Eminem","fly"
41,"C","lyrical","2","A","static/A2_lyrical.mp3","University pool",10,10,10,1,10,"Post Malone","WoW","Post Malone","Fancy"
41,"C","lyrical","3","A","static/A3_lyrical.mp3","University pool",4,7,10,1,5,"Nicki Minaj (feat. Rihanna)","Fly","Nicki minaj","fly"
41,"C","instrumental","1","B","static/B1_instrumental.mp3","University pool",10,10,10,1,3,"Jessie J (feat. B.o.B)","Price tag","Jessie J","Price Tag"
41,"C","instrumental","2","B","static/B2_instrumental.mp3","University pool",10,10,10,1,8,"Iggy Azalea (ft. Charli XCX)","Fancy","Iggy Azalia","Fancy"
41,"C","instrumental","3","B","static/B3_instrumental.mp3","University pool",10,10,10,1,7,"Outkast","Ms. Jackson","Outcast","Sorry Ms Jackson"
42,"C","lyrical","1","A","static/A1_lyrical.mp3","University pool",3,1,1,1,8,"Eminem","The way I am","Eminem",""
42,"C","lyrical","2","A","static/A2_lyrical.mp3","University pool",10,10,10,1,10,"Post Malone","WoW","",""
42,"C","lyrical","3","A","static/A3_lyrical.mp3","University pool",10,10,10,1,10,"Nicki Minaj (feat. Rihanna)","Fly","Rihanna",""
42,"C","instrumental","1","B","static/B1_instrumental.mp3","University pool",10,10,10,1,10,"Jessie J (feat. B.o.B)","Price tag","Jessie J","Price Tag"
42,"C","instrumental","2","B","static/B2_instrumental.mp3","University pool",10,10,10,1,10,"Iggy Azalea (ft. Charli XCX)","Fancy","Iggy Azalea/Charlie XCX","Fancy"
42,"C","instrumental","3","B","static/B3_instrumental.mp3","University pool",10,10,10,1,10,"Outkast","Ms. Jackson","","Ms. Jackson"
43,"C","lyrical","1","A","static/A1_lyrical.mp3","University pool",10,10,9,1,4,"Eminem","The way I am","Slim Shady","What I am"
43,"C","lyrical","2","A","static/A2_lyrical.mp3","University pool",9,8,7,6,5,"Post Malone","WoW","",""
43,"C","lyrical","3","A","static/A3_lyrical.mp3","University pool",1,2,3,1,4,"Nicki Minaj (feat. Rihanna)","Fly","",""
43,"C","instrumental","1","B","static/B1_instrumental.mp3","University pool",10,9,9,1,3,"Jessie J (feat. B.o.B)","Price tag","Jessie J","Price tag"
43,"C","instrumental","2","B","static/B2_instrumental.mp3","University pool",1,2,3,1,5,"Iggy Azalea (ft. Charli XCX)","Fancy","",""
43,"C","instrumental","3","B","static/B3_instrumental.mp3","University pool",9,9,9,1,3,"Outkast","Ms. Jackson","Outkast","Ms Jackson"
44,"C","lyrical","1","A","static/A1_lyrical.mp3","University pool",1,4,4,5,8,"Eminem","The way I am",NA,NA
44,"C","lyrical","2","A","static/A2_lyrical.mp3","University pool",1,4,4,5,8,"Post Malone","WoW",NA,NA
44,"C","lyrical","3","A","static/A3_lyrical.mp3","University pool",1,7,7,1,8,"Nicki Minaj (feat. Rihanna)","Fly",NA,NA
44,"C","instrumental","1","B","static/B1_instrumental.mp3","University pool",10,10,10,1,10,"Jessie J (feat. B.o.B)","Price tag",NA,NA
44,"C","instrumental","2","B","static/B2_instrumental.mp3","University pool",1,3,4,7,10,"Iggy Azalea (ft. Charli XCX)","Fancy",NA,NA
44,"C","instrumental","3","B","static/B3_instrumental.mp3","University pool",1,3,4,4,8,"Outkast","Ms. Jackson",NA,NA
45,"C","lyrical","1","A","static/A1_lyrical.mp3","University pool",10,7,8,3,4,"Eminem","The way I am","eminem",""
45,"C","lyrical","2","A","static/A2_lyrical.mp3","University pool",10,10,10,2,5,"Post Malone","WoW","post malone","wow"
45,"C","lyrical","3","A","static/A3_lyrical.mp3","University pool",10,8,9,1,4,"Nicki Minaj (feat. Rihanna)","Fly","rhiana ",""
45,"C","instrumental","1","B","static/B1_instrumental.mp3","University pool",10,4,7,2,6,"Jessie J (feat. B.o.B)","Price tag","Jessie J","Pricetag"
45,"C","instrumental","2","B","static/B2_instrumental.mp3","University pool",10,6,7,4,8,"Iggy Azalea (ft. Charli XCX)","Fancy","Iggy Azalia","Fancy"
45,"C","instrumental","3","B","static/B3_instrumental.mp3","University pool",10,9,8,3,6,"Outkast","Ms. Jackson","outkast","Miss Jackson"
46,"C","lyrical","1","A","static/A1_lyrical.mp3","University pool",3,8,7,1,7,"Eminem","The way I am","Eminem","fly"
46,"C","lyrical","2","A","static/A2_lyrical.mp3","University pool",10,4,4,1,8,"Post Malone","WoW","Post Malone","fly"
46,"C","lyrical","3","A","static/A3_lyrical.mp3","University pool",10,4,5,1,5,"Nicki Minaj (feat. Rihanna)","Fly","Nicki minaj","fly"
46,"C","instrumental","1","B","static/B1_instrumental.mp3","University pool",10,9,7,1,6,"Jessie J (feat. B.o.B)","Price tag","Jessie J","Price Tag"
46,"C","instrumental","2","B","static/B2_instrumental.mp3","University pool",10,4,6,1,5,"Iggy Azalea (ft. Charli XCX)","Fancy","Iggy Azalia","Fancy"
46,"C","instrumental","3","B","static/B3_instrumental.mp3","University pool",10,10,10,1,9,"Outkast","Ms. Jackson","Outcast","sorry ms jackson"
47,"C","lyrical","1","A","static/A1_lyrical.mp3","University pool",7,9,8,2,7,"Eminem","The way I am","eminem",""
47,"C","lyrical","2","A","static/A2_lyrical.mp3","University pool",10,10,10,1,6,"Post Malone","WoW","post malone","wow"
47,"C","lyrical","3","A","static/A3_lyrical.mp3","University pool",10,10,10,1,3,"Nicki Minaj (feat. Rihanna)","Fly","rihanna and nicki mj","fly"
47,"C","instrumental","1","B","static/B1_instrumental.mp3","University pool",10,2,3,1,2,"Jessie J (feat. B.o.B)","Price tag","jessie j","price tag"
47,"C","instrumental","2","B","static/B2_instrumental.mp3","University pool",10,8,6,1,3,"Iggy Azalea (ft. Charli XCX)","Fancy","iggy azalea","fancy"
47,"C","instrumental","3","B","static/B3_instrumental.mp3","University pool",10,10,10,1,2,"Outkast","Ms. Jackson","outcast","ms jackson"
48,"C","lyrical","1","A","static/A1_lyrical.mp3","University pool",10,8,6,6,7,"Eminem","The way I am","Eminem",""
48,"C","lyrical","2","A","static/A2_lyrical.mp3","University pool",8,6,7,2,7,"Post Malone","WoW","",""
48,"C","lyrical","3","A","static/A3_lyrical.mp3","University pool",7,7,7,1,4,"Nicki Minaj (feat. Rihanna)","Fly","",""
48,"C","instrumental","1","B","static/B1_instrumental.mp3","University pool",10,8,8,1,5,"Jessie J (feat. B.o.B)","Price tag","Jessie J","Not about the money"
48,"C","instrumental","2","B","static/B2_instrumental.mp3","University pool",3,2,2,5,10,"Iggy Azalea (ft. Charli XCX)","Fancy","",""
48,"C","instrumental","3","B","static/B3_instrumental.mp3","University pool",9,6,6,2,8,"Outkast","Ms. Jackson","",""
49,"C","lyrical","1","A","static/A1_lyrical.mp3","University pool",8,7,7,4,3,"Eminem","The way I am","Eminem",""
49,"C","lyrical","2","A","static/A2_lyrical.mp3","University pool",10,8,5,2,7,"Post Malone","WoW","Post Malone ","WOW"
49,"C","lyrical","3","A","static/A3_lyrical.mp3","University pool",10,9,9,1,4,"Nicki Minaj (feat. Rihanna)","Fly","Rhianna",""
49,"C","instrumental","1","B","static/B1_instrumental.mp3","University pool",10,6,6,1,2,"Jessie J (feat. B.o.B)","Price tag","Jessie J","Price Tag"
49,"C","instrumental","2","B","static/B2_instrumental.mp3","University pool",10,7,6,2,7,"Iggy Azalea (ft. Charli XCX)","Fancy","Iggy Azalea","Im So Fancy"
49,"C","instrumental","3","B","static/B3_instrumental.mp3","University pool",10,10,8,1,2,"Outkast","Ms. Jackson","","Sorry miss Jackson"
50,"C","lyrical","1","A","static/A1_lyrical.mp3","University pool",10,7,4,5,10,"Eminem","The way I am","",""
50,"C","lyrical","2","A","static/A2_lyrical.mp3","University pool",10,9,6,2,10,"Post Malone","WoW","","G wagon"
50,"C","lyrical","3","A","static/A3_lyrical.mp3","University pool",10,6,8,1,7,"Nicki Minaj (feat. Rihanna)","Fly","",""
50,"C","instrumental","1","B","static/B1_instrumental.mp3","University pool",10,7,9,1,7,"Jessie J (feat. B.o.B)","Price tag","jessie J","Price tag"
50,"C","instrumental","2","B","static/B2_instrumental.mp3","University pool",10,3,3,1,9,"Iggy Azalea (ft. Charli XCX)","Fancy","","fancy"
50,"C","instrumental","3","B","static/B3_instrumental.mp3","University pool",10,8,6,1,7,"Outkast","Ms. Jackson","","Mrs Jackson"
51,"C","lyrical","1","A","static/A1_lyrical.mp3","University pool",10,7,7,6,9,"Eminem","The way I am","Eminem","don't know it"
51,"C","lyrical","2","A","static/A2_lyrical.mp3","University pool",10,9,8,3,6,"Post Malone","WoW","post malone","wow"
51,"C","lyrical","3","A","static/A3_lyrical.mp3","University pool",9,8,7,3,8,"Nicki Minaj (feat. Rihanna)","Fly","Nicki M","fly"
51,"C","instrumental","1","B","static/B1_instrumental.mp3","University pool",9,6,7,3,7,"Jessie J (feat. B.o.B)","Price tag","jessie J",""
51,"C","instrumental","2","B","static/B2_instrumental.mp3","University pool",9,8,8,6,9,"Iggy Azalea (ft. Charli XCX)","Fancy","iggy azalea","fancy"
51,"C","instrumental","3","B","static/B3_instrumental.mp3","University pool",9,9,7,4,9,"Outkast","Ms. Jackson","","ms jackson"
52,"D","lyrical","1","B","static/B1_lyrical.mp3","University pool",10,7,6,1,8,"Jessie J (feat. B.o.B)","Price tag","Jessie J","Price Tag"
52,"D","lyrical","2","B","static/B2_lyrical.mp3","University pool",10,10,10,1,10,"Iggy Azalea (ft. Charli XCX)","Fancy","Iggy Azealea and Charlie XCX","Fancy"
52,"D","lyrical","3","B","static/B3_lyrical.mp3","University pool",10,10,10,1,10,"Outkast","Ms. Jackson","Outkast","Ms Jackson"
52,"D","instrumental","1","A","static/A1_instrumental.mp3","University pool",1,3,7,1,1,"Eminem","The way I am","",""
52,"D","instrumental","2","A","static/A2_instrumental.mp3","University pool",10,10,10,1,10,"Post Malone","WoW","Post malone","Wow"
52,"D","instrumental","3","A","static/A3_instrumental.mp3","University pool",10,10,10,1,10,"Nicki Minaj (feat. Rihanna)","Fly","Nicki Minaj and Rihanna","Fly"
53,"D","lyrical","1","B","static/B1_lyrical.mp3","University pool",10,8,8,1,7,"Jessie J (feat. B.o.B)","Price tag","Jessie J","Price Tag"
53,"D","lyrical","2","B","static/B2_lyrical.mp3","University pool",10,8,7,3,8,"Iggy Azalea (ft. Charli XCX)","Fancy","",""
53,"D","lyrical","3","B","static/B3_lyrical.mp3","University pool",10,10,9,1,4,"Outkast","Ms. Jackson","Outkast","Ms. Jackson"
53,"D","instrumental","1","A","static/A1_instrumental.mp3","University pool",3,2,3,1,4,"Eminem","The way I am","",""
53,"D","instrumental","2","A","static/A2_instrumental.mp3","University pool",8,6,8,1,3,"Post Malone","WoW","Post Malone","Wow"
53,"D","instrumental","3","A","static/A3_instrumental.mp3","University pool",2,5,7,1,3,"Nicki Minaj (feat. Rihanna)","Fly","",""
54,"D","lyrical","1","B","static/B1_lyrical.mp3","University pool",10,7,9,1,8,"Jessie J (feat. B.o.B)","Price tag","Jessie J","Price Tag"
54,"D","lyrical","2","B","static/B2_lyrical.mp3","University pool",10,5,6,1,8,"Iggy Azalea (ft. Charli XCX)","Fancy","Iggy Azealea and Charlie XCX","Fancy"
54,"D","lyrical","3","B","static/B3_lyrical.mp3","University pool",10,8,8,1,9,"Outkast","Ms. Jackson","Outkast","Ms Jackson"
54,"D","instrumental","1","A","static/A1_instrumental.mp3","University pool",3,5,7,1,3,"Eminem","The way I am","Eminem","N/A"
54,"D","instrumental","2","A","static/A2_instrumental.mp3","University pool",8,8,9,1,3,"Post Malone","WoW","Post malone","N/A"
54,"D","instrumental","3","A","static/A3_instrumental.mp3","University pool",8,7,7,1,4,"Nicki Minaj (feat. Rihanna)","Fly","Nicki Minaj and Rihanna","N/A"
55,"D","lyrical","1","B","static/B1_lyrical.mp3","University pool",10,10,1,NA,1,"Jessie J (feat. B.o.B)","Price tag",NA,NA
55,"D","lyrical","2","B","static/B2_lyrical.mp3","University pool",10,9,4,NA,9,"Iggy Azalea (ft. Charli XCX)","Fancy",NA,NA
55,"D","lyrical","3","B","static/B3_lyrical.mp3","University pool",10,10,10,1,2,"Outkast","Ms. Jackson",NA,NA
55,"D","instrumental","1","A","static/A1_instrumental.mp3","University pool",10,9,9,1,6,"Eminem","The way I am",NA,NA
55,"D","instrumental","2","A","static/A2_instrumental.mp3","University pool",9,10,10,1,2,"Post Malone","WoW",NA,NA
55,"D","instrumental","3","A","static/A3_instrumental.mp3","University pool",1,1,1,3,10,"Nicki Minaj (feat. Rihanna)","Fly",NA,NA
56,"D","lyrical","1","B","static/B1_lyrical.mp3","University pool",10,8,9,3,7,"Jessie J (feat. B.o.B)","Price tag","Jessie J","Price Tag"
56,"D","lyrical","2","B","static/B2_lyrical.mp3","University pool",10,10,10,3,9,"Iggy Azalea (ft. Charli XCX)","Fancy","Iggy Azalia","Fancy"
56,"D","lyrical","3","B","static/B3_lyrical.mp3","University pool",10,8,8,2,10,"Outkast","Ms. Jackson","","Miss Jackson"
56,"D","instrumental","1","A","static/A1_instrumental.mp3","University pool",8,9,6,7,5,"Eminem","The way I am","Eminem",""
56,"D","instrumental","2","A","static/A2_instrumental.mp3","University pool",10,10,9,2,8,"Post Malone","WoW","",""
56,"D","instrumental","3","A","static/A3_instrumental.mp3","University pool",1,2,5,1,5,"Nicki Minaj (feat. Rihanna)","Fly","",""
57,"D","lyrical","1","B","static/B1_lyrical.mp3","University pool",10,8,8,1,8,"Jessie J (feat. B.o.B)","Price tag","Jessie J","Price tag"
57,"D","lyrical","2","B","static/B2_lyrical.mp3","University pool",10,6,6,2,8,"Iggy Azalea (ft. Charli XCX)","Fancy","Iggy Azalia","Fancy"
57,"D","lyrical","3","B","static/B3_lyrical.mp3","University pool",10,10,10,1,7,"Outkast","Ms. Jackson","outkast","Ms Jackson"
57,"D","instrumental","1","A","static/A1_instrumental.mp3","University pool",3,3,4,1,5,"Eminem","The way I am","eminem","fancy"
57,"D","instrumental","2","A","static/A2_instrumental.mp3","University pool",10,7,7,1,6,"Post Malone","WoW","post malone","G wagon"
57,"D","instrumental","3","A","static/A3_instrumental.mp3","University pool",10,9,9,1,8,"Nicki Minaj (feat. Rihanna)","Fly","Nicki Minaj and Rihanna","Fly"
58,"D","lyrical","1","B","static/B1_lyrical.mp3","University pool",10,7,8,1,4,"Jessie J (feat. B.o.B)","Price tag","Jessie J","Price Tag"
58,"D","lyrical","2","B","static/B2_lyrical.mp3","University pool",10,4,4,1,6,"Iggy Azalea (ft. Charli XCX)","Fancy","Iggy Azalea","Fancy"
58,"D","lyrical","3","B","static/B3_lyrical.mp3","University pool",10,10,10,2,8,"Outkast","Ms. Jackson","outkast","ms. jackson"
58,"D","instrumental","1","A","static/A1_instrumental.mp3","University pool",1,2,4,1,7,"Eminem","The way I am","",""
58,"D","instrumental","2","A","static/A2_instrumental.mp3","University pool",3,6,6,1,3,"Post Malone","WoW","",""
58,"D","instrumental","3","A","static/A3_instrumental.mp3","University pool",3,4,4,1,4,"Nicki Minaj (feat. Rihanna)","Fly","",""
59,"D","lyrical","1","B","static/B1_lyrical.mp3","University pool",10,7,8,1,7,"Jessie J (feat. B.o.B)","Price tag","Jessie J","Price Tag"
59,"D","lyrical","2","B","static/B2_lyrical.mp3","University pool",10,5,6,2,8,"Iggy Azalea (ft. Charli XCX)","Fancy","Iggy Azalia","Fancy"
59,"D","lyrical","3","B","static/B3_lyrical.mp3","University pool",10,8,8,1,5,"Outkast","Ms. Jackson","Eminem","Miss Jackson"
59,"D","instrumental","1","A","static/A1_instrumental.mp3","University pool",2,4,5,2,4,"Eminem","The way I am","",""
59,"D","instrumental","2","A","static/A2_instrumental.mp3","University pool",8,5,7,2,5,"Post Malone","WoW","",""
59,"D","instrumental","3","A","static/A3_instrumental.mp3","University pool",2,4,2,1,7,"Nicki Minaj (feat. Rihanna)","Fly","",""
60,"D","lyrical","1","B","static/B1_lyrical.mp3","University pool",10,8,8,1,7,"Jessie J (feat. B.o.B)","Price tag","Jessie J","Price Tag"
60,"D","lyrical","2","B","static/B2_lyrical.mp3","University pool",10,9,9,7,8,"Iggy Azalea (ft. Charli XCX)","Fancy","Iggy Azalia","Fancy"
60,"D","lyrical","3","B","static/B3_lyrical.mp3","University pool",10,9,9,9,5,"Outkast","Ms. Jackson","Post Malone","Miss Jackson"
60,"D","instrumental","1","A","static/A1_instrumental.mp3","University pool",4,3,3,3,7,"Eminem","The way I am","Eminem","Gangsters Paradise"
60,"D","instrumental","2","A","static/A2_instrumental.mp3","University pool",10,10,10,2,10,"Post Malone","WoW","Post Malone",""
60,"D","instrumental","3","A","static/A3_instrumental.mp3","University pool",9,5,5,2,7,"Nicki Minaj (feat. Rihanna)","Fly","Nicki minaj","fly"
61,"D","lyrical","1","B","static/B1_lyrical.mp3","University pool",10,10,10,1,3,"Jessie J (feat. B.o.B)","Price tag","Jessie J","Price Tag"
61,"D","lyrical","2","B","static/B2_lyrical.mp3","University pool",10,8,6,1,7,"Iggy Azalea (ft. Charli XCX)","Fancy","Iggy Azalea/Charlie XCX","Fancy"
61,"D","lyrical","3","B","static/B3_lyrical.mp3","University pool",10,10,10,1,4,"Outkast","Ms. Jackson","Outkast","Ms. Jackson"
61,"D","instrumental","1","A","static/A1_instrumental.mp3","University pool",3,5,3,1,8,"Eminem","The way I am","Eminem","The Way I Am"
61,"D","instrumental","2","A","static/A2_instrumental.mp3","University pool",10,10,8,1,5,"Post Malone","WoW","Post Malone","Wow"
61,"D","instrumental","3","A","static/A3_instrumental.mp3","University pool",1,7,6,1,7,"Nicki Minaj (feat. Rihanna)","Fly","Rihanna","ms. jackson"
62,"D","lyrical","1","B","static/B1_lyrical.mp3","University pool",10,4,5,NA,8,"Jessie J (feat. B.o.B)","Price tag","Jessie J","Price Tag"
62,"D","lyrical","2","B","static/B2_lyrical.mp3","University pool",10,4,6,1,10,"Iggy Azalea (ft. Charli XCX)","Fancy","Iggy Azealea and Charlie XCX","Fancy"
62,"D","lyrical","3","B","static/B3_lyrical.mp3","University pool",10,9,10,1,7,"Outkast","Ms. Jackson","Eminem","Ms Jackson"
62,"D","instrumental","1","A","static/A1_instrumental.mp3","University pool",3,3,5,1,4,"Eminem","The way I am","Outkast","N/A"
62,"D","instrumental","2","A","static/A2_instrumental.mp3","University pool",10,10,9,1,3,"Post Malone","WoW","Post malone","Wow"
62,"D","instrumental","3","A","static/A3_instrumental.mp3","University pool",5,4,8,1,4,"Nicki Minaj (feat. Rihanna)","Fly","Nicki Minaj and Rihanna","Fly"
63,"D","lyrical","1","B","static/B1_lyrical.mp3","University pool",10,8,10,1,6,"Jessie J (feat. B.o.B)","Price tag","Jessie J ft(someone)","Price Tag"
63,"D","lyrical","2","B","static/B2_lyrical.mp3","University pool",10,6,3,3,9,"Iggy Azalea (ft. Charli XCX)","Fancy","Iggy Azalea ft Carlie XCX","So Fancy?"
63,"D","lyrical","3","B","static/B3_lyrical.mp3","University pool",7,3,7,2,7,"Outkast","Ms. Jackson","Outcast?","Ms Jackson"
63,"D","instrumental","1","A","static/A1_instrumental.mp3","University pool",5,10,9,1,8,"Eminem","The way I am","50 Cent?",""
63,"D","instrumental","2","A","static/A2_instrumental.mp3","University pool",1,3,2,1,3,"Post Malone","WoW","",""
63,"D","instrumental","3","A","static/A3_instrumental.mp3","University pool",3,1,1,1,6,"Nicki Minaj (feat. Rihanna)","Fly","",""
64,"D","lyrical","1","B","static/B1_lyrical.mp3","University pool",10,10,10,1,8,"Jessie J (feat. B.o.B)","Price tag","Jessie J","Price Tag"
64,"D","lyrical","2","B","static/B2_lyrical.mp3","University pool",10,10,10,6,10,"Iggy Azalea (ft. Charli XCX)","Fancy","Iggy Azalea & Charli XCX","Fancy"
64,"D","lyrical","3","B","static/B3_lyrical.mp3","University pool",10,10,10,1,7,"Outkast","Ms. Jackson","","Ms Jackson"
64,"D","instrumental","1","A","static/A1_instrumental.mp3","University pool",8,8,7,1,4,"Eminem","The way I am","",""
64,"D","instrumental","2","A","static/A2_instrumental.mp3","University pool",10,9,9,1,9,"Post Malone","WoW","Post Malone","WOW"
64,"D","instrumental","3","A","static/A3_instrumental.mp3","University pool",10,10,10,1,4,"Nicki Minaj (feat. Rihanna)","Fly","Rihanna","Fly"
65,"D","lyrical","1","B","static/B1_lyrical.mp3","University pool",10,6,NA,1,8,"Jessie J (feat. B.o.B)","Price tag","Jessie J","Price tag "
65,"D","lyrical","2","B","static/B2_lyrical.mp3","University pool",10,8,8,1,10,"Iggy Azalea (ft. Charli XCX)","Fancy","Iggy Azalea ","Fancy "
65,"D","lyrical","3","B","static/B3_lyrical.mp3","University pool",10,8,8,1,10,"Outkast","Ms. Jackson","","Ms Jackson "
65,"D","instrumental","1","A","static/A1_instrumental.mp3","University pool",6,5,5,1,6,"Eminem","The way I am","",""
65,"D","instrumental","2","A","static/A2_instrumental.mp3","University pool",10,9,9,1,10,"Post Malone","WoW","Post Malone ","Wow"
65,"D","instrumental","3","A","static/A3_instrumental.mp3","University pool",6,4,4,1,8,"Nicki Minaj (feat. Rihanna)","Fly","",""
66,"D","lyrical","1","B","static/B1_lyrical.mp3","University pool",10,8,6,1,7,"Jessie J (feat. B.o.B)","Price tag","Jessie J","Price tag"
66,"D","lyrical","2","B","static/B2_lyrical.mp3","University pool",10,7,7,1,7,"Iggy Azalea (ft. Charli XCX)","Fancy","Iggy ","Fancy "
66,"D","lyrical","3","B","static/B3_lyrical.mp3","University pool",10,9,9,1,7,"Outkast","Ms. Jackson","Ms Jackson","Outkast"
66,"D","instrumental","1","A","static/A1_instrumental.mp3","University pool",4,7,6,1,2,"Eminem","The way I am","",""
66,"D","instrumental","2","A","static/A2_instrumental.mp3","University pool",2,5,4,1,2,"Post Malone","WoW","",""
66,"D","instrumental","3","A","static/A3_instrumental.mp3","University pool",6,5,4,1,2,"Nicki Minaj (feat. Rihanna)","Fly","Maroon 5 ","Girls like you"
67,"D","lyrical","1","B","static/B1_lyrical.mp3","University pool",10,10,10,1,8,"Jessie J (feat. B.o.B)","Price tag","Jessie J","Price Tag"
67,"D","lyrical","2","B","static/B2_lyrical.mp3","University pool",10,9,9,1,9,"Iggy Azalea (ft. Charli XCX)","Fancy","Iggy Azalea","Fancy"
67,"D","lyrical","3","B","static/B3_lyrical.mp3","University pool",10,8,8,1,7,"Outkast","Ms. Jackson","",""
67,"D","instrumental","1","A","static/A1_instrumental.mp3","University pool",1,4,8,1,6,"Eminem","The way I am","",""
67,"D","instrumental","2","A","static/A2_instrumental.mp3","University pool",1,4,5,1,7,"Post Malone","WoW","",""
67,"D","instrumental","3","A","static/A3_instrumental.mp3","University pool",1,8,6,1,4,"Nicki Minaj (feat. Rihanna)","Fly","",""
68,"E","lyrical","1","B","static/B1_lyrical.mp3","University pool",10,8,9,1,9,"Jessie J (feat. B.o.B)","Price tag","Jessie J","Price Tag"
68,"E","lyrical","2","B","static/B2_lyrical.mp3","University pool",10,6,4,3,8,"Iggy Azalea (ft. Charli XCX)","Fancy","Iggy Azalia","Fancy"
68,"E","lyrical","3","B","static/B3_lyrical.mp3","University pool",10,10,10,1,2,"Outkast","Ms. Jackson","Outcast","Miss Jackson"
68,"E","instrumental","1","A","static/A1_instrumental.mp3","University pool",8,5,4,2,1,"Eminem","The way I am","","Gangsters Paradise"
68,"E","instrumental","2","A","static/A2_instrumental.mp3","University pool",1,3,2,2,6,"Post Malone","WoW","",""
68,"E","instrumental","3","A","static/A3_instrumental.mp3","University pool",7,4,2,1,8,"Nicki Minaj (feat. Rihanna)","Fly","",""
69,"E","lyrical","1","B","static/B1_lyrical.mp3","University pool",10,8,10,1,10,"Jessie J (feat. B.o.B)","Price tag","Jesy J","Pricetag"
69,"E","lyrical","2","B","static/B2_lyrical.mp3","University pool",10,6,6,2,10,"Iggy Azalea (ft. Charli XCX)","Fancy","Iggy Azalia","Fancy"
69,"E","lyrical","3","B","static/B3_lyrical.mp3","University pool",10,8,8,1,6,"Outkast","Ms. Jackson","","Miss Jackson"
69,"E","instrumental","1","A","static/A1_instrumental.mp3","University pool",2,5,5,1,5,"Eminem","The way I am","",""
69,"E","instrumental","2","A","static/A2_instrumental.mp3","University pool",1,1,1,1,5,"Post Malone","WoW","",""
69,"E","instrumental","3","A","static/A3_instrumental.mp3","University pool",4,2,5,1,5,"Nicki Minaj (feat. Rihanna)","Fly","",""
70,"E","lyrical","1","B","static/B1_lyrical.mp3","University pool",10,9,9,1,8,"Jessie J (feat. B.o.B)","Price tag","Jessie J","Price Tag"
70,"E","lyrical","2","B","static/B2_lyrical.mp3","University pool",10,9,9,1,9,"Iggy Azalea (ft. Charli XCX)","Fancy","Iggy Azalia","Fancy"
70,"E","lyrical","3","B","static/B3_lyrical.mp3","University pool",9,9,9,1,9,"Outkast","Ms. Jackson","Outcast","sorry ms jackson"
70,"E","instrumental","1","A","static/A1_instrumental.mp3","University pool",7,6,6,1,8,"Eminem","The way I am","Eminem",""
70,"E","instrumental","2","A","static/A2_instrumental.mp3","University pool",10,10,10,1,9,"Post Malone","WoW","Post Malone","WOW"
70,"E","instrumental","3","A","static/A3_instrumental.mp3","University pool",5,6,7,1,8,"Nicki Minaj (feat. Rihanna)","Fly","Nicki minaj","fly"
71,"E","lyrical","1","B","static/B1_lyrical.mp3","University pool",10,8,8,1,5,"Jessie J (feat. B.o.B)","Price tag","Jessie J","Price Tag"
71,"E","lyrical","2","B","static/B2_lyrical.mp3","University pool",10,9,8,1,7,"Iggy Azalea (ft. Charli XCX)","Fancy","Iggy Azalea/Charlie XCX","Fancy"
71,"E","lyrical","3","B","static/B3_lyrical.mp3","University pool",10,9,9,1,6,"Outkast","Ms. Jackson","Outkast","Ms. Jackson"
71,"E","instrumental","1","A","static/A1_instrumental.mp3","University pool",1,3,6,1,3,"Eminem","The way I am","",""
71,"E","instrumental","2","A","static/A2_instrumental.mp3","University pool",1,2,2,1,1,"Post Malone","WoW","",""
71,"E","instrumental","3","A","static/A3_instrumental.mp3","University pool",3,3,2,1,1,"Nicki Minaj (feat. Rihanna)","Fly","",""
72,"E","lyrical","1","B","static/B1_lyrical.mp3","University pool",10,10,10,1,9,"Jessie J (feat. B.o.B)","Price tag","Jessie J","Price tag"
72,"E","lyrical","2","B","static/B2_lyrical.mp3","University pool",10,8,7,1,9,"Iggy Azalea (ft. Charli XCX)","Fancy","Iggy Azalia","Fancy"
72,"E","lyrical","3","B","static/B3_lyrical.mp3","University pool",2,4,5,1,6,"Outkast","Ms. Jackson","",""
72,"E","instrumental","1","A","static/A1_instrumental.mp3","University pool",3,4,4,1,6,"Eminem","The way I am","",""
72,"E","instrumental","2","A","static/A2_instrumental.mp3","University pool",4,5,3,1,6,"Post Malone","WoW","",""
72,"E","instrumental","3","A","static/A3_instrumental.mp3","University pool",2,4,3,1,6,"Nicki Minaj (feat. Rihanna)","Fly","",""
73,"E","lyrical","1","B","static/B1_lyrical.mp3","University pool",10,8,8,1,9,"Jessie J (feat. B.o.B)","Price tag","Jessie J","Price Tag"
73,"E","lyrical","2","B","static/B2_lyrical.mp3","University pool",8,4,4,1,10,"Iggy Azalea (ft. Charli XCX)","Fancy","Iggy Azalea/Charlie XCX","Fancy"
73,"E","lyrical","3","B","static/B3_lyrical.mp3","University pool",6,8,1,1,10,"Outkast","Ms. Jackson","Outkast","Ms. Jackson"
73,"E","instrumental","1","A","static/A1_instrumental.mp3","University pool",5,7,7,1,9,"Eminem","The way I am","Eminem","Wow"
73,"E","instrumental","2","A","static/A2_instrumental.mp3","University pool",1,6,6,1,7,"Post Malone","WoW","Rihanna",""
73,"E","instrumental","3","A","static/A3_instrumental.mp3","University pool",1,5,5,1,8,"Nicki Minaj (feat. Rihanna)","Fly","",""
74,"E","lyrical","1","B","static/B1_lyrical.mp3","University pool",10,8,9,1,10,"Jessie J (feat. B.o.B)","Price tag","Jessie J","Price Tag"
74,"E","lyrical","2","B","static/B2_lyrical.mp3","University pool",9,9,8,2,8,"Iggy Azalea (ft. Charli XCX)","Fancy","Iggy Azalia","Fancy"
74,"E","lyrical","3","B","static/B3_lyrical.mp3","University pool",1,1,3,1,3,"Outkast","Ms. Jackson","Outcast","sorry ms jackson"
74,"E","instrumental","1","A","static/A1_instrumental.mp3","University pool",2,2,4,2,4,"Eminem","The way I am","Outcast","Gangsters Paradise"
74,"E","instrumental","2","A","static/A2_instrumental.mp3","University pool",7,4,3,2,4,"Post Malone","WoW","Post Malone","Gangsters Paradise"
74,"E","instrumental","3","A","static/A3_instrumental.mp3","University pool",3,4,4,1,5,"Nicki Minaj (feat. Rihanna)","Fly","Nicki minaj","fly"
75,"E","lyrical","1","B","static/B1_lyrical.mp3","University pool",10,9,9,1,5,"Jessie J (feat. B.o.B)","Price tag","Jessie J","Price tag"
75,"E","lyrical","2","B","static/B2_lyrical.mp3","University pool",10,10,9,9,7,"Iggy Azalea (ft. Charli XCX)","Fancy","Iggy Azalia","Fancy"
75,"E","lyrical","3","B","static/B3_lyrical.mp3","University pool",7,7,8,2,9,"Outkast","Ms. Jackson","eminem","Miss Jackson"
75,"E","instrumental","1","A","static/A1_instrumental.mp3","University pool",3,2,2,2,9,"Eminem","The way I am","outkast",""
75,"E","instrumental","2","A","static/A2_instrumental.mp3","University pool",5,4,4,1,9,"Post Malone","WoW","",""
75,"E","instrumental","3","A","static/A3_instrumental.mp3","University pool",2,2,2,1,4,"Nicki Minaj (feat. Rihanna)","Fly","",""
76,"E","lyrical","1","B","static/B1_lyrical.mp3","University pool",10,9,10,3,9,"Jessie J (feat. B.o.B)","Price tag","Jessie J","Price tag"
76,"E","lyrical","2","B","static/B2_lyrical.mp3","University pool",10,9,8,6,10,"Iggy Azalea (ft. Charli XCX)","Fancy","Iggy Azalia","fancy"
76,"E","lyrical","3","B","static/B3_lyrical.mp3","University pool",10,10,8,1,4,"Outkast","Ms. Jackson","outkast","Ms Jackson"
76,"E","instrumental","1","A","static/A1_instrumental.mp3","University pool",10,1,9,2,9,"Eminem","The way I am","eminem","tunes"
76,"E","instrumental","2","A","static/A2_instrumental.mp3","University pool",6,10,2,2,6,"Post Malone","WoW","post malone","tunes"
76,"E","instrumental","3","A","static/A3_instrumental.mp3","University pool",1,3,4,1,7,"Nicki Minaj (feat. Rihanna)","Fly","eminem","sounds"
77,"E","lyrical","1","B","static/B1_lyrical.mp3","University pool",10,10,10,1,9,"Jessie J (feat. B.o.B)","Price tag","Katy Perry","Price Tag"
77,"E","lyrical","2","B","static/B2_lyrical.mp3","University pool",10,3,3,1,9,"Iggy Azalea (ft. Charli XCX)","Fancy","",""
77,"E","lyrical","3","B","static/B3_lyrical.mp3","University pool",10,9,9,1,9,"Outkast","Ms. Jackson","OutKast","Ms. Jackson"
77,"E","instrumental","1","A","static/A1_instrumental.mp3","University pool",6,4,3,1,8,"Eminem","The way I am","",""
77,"E","instrumental","2","A","static/A2_instrumental.mp3","University pool",5,4,NA,1,7,"Post Malone","WoW","",""
77,"E","instrumental","3","A","static/A3_instrumental.mp3","University pool",3,2,2,1,7,"Nicki Minaj (feat. Rihanna)","Fly","",""
78,"E","lyrical","1","B","static/B1_lyrical.mp3","University pool",10,5,4,1,10,"Jessie J (feat. B.o.B)","Price tag","Jessie J","Price Tag"
78,"E","lyrical","2","B","static/B2_lyrical.mp3","University pool",1,1,1,2,10,"Iggy Azalea (ft. Charli XCX)","Fancy","Iggy Azalia","fly"
78,"E","lyrical","3","B","static/B3_lyrical.mp3","University pool",4,3,1,1,10,"Outkast","Ms. Jackson","",""
78,"E","instrumental","1","A","static/A1_instrumental.mp3","University pool",10,10,10,1,5,"Eminem","The way I am","Eminem",""
78,"E","instrumental","2","A","static/A2_instrumental.mp3","University pool",1,1,1,1,5,"Post Malone","WoW","",""
78,"E","instrumental","3","A","static/A3_instrumental.mp3","University pool",1,1,1,1,4,"Nicki Minaj (feat. Rihanna)","Fly","",""
79,"E","lyrical","1","B","static/B1_lyrical.mp3","University pool",10,6,6,1,3,"Jessie J (feat. B.o.B)","Price tag","Jessie J","Price Tag"
79,"E","lyrical","2","B","static/B2_lyrical.mp3","University pool",10,7,7,2,7,"Iggy Azalea (ft. Charli XCX)","Fancy","Iggy Azalea","Fancy"
79,"E","lyrical","3","B","static/B3_lyrical.mp3","University pool",10,9,9,1,3,"Outkast","Ms. Jackson","Outkast","Ms Jackson"
79,"E","instrumental","1","A","static/A1_instrumental.mp3","University pool",3,3,4,1,3,"Eminem","The way I am","",""
79,"E","instrumental","2","A","static/A2_instrumental.mp3","University pool",2,3,3,1,3,"Post Malone","WoW","",""
79,"E","instrumental","3","A","static/A3_instrumental.mp3","University pool",1,1,1,1,3,"Nicki Minaj (feat. Rihanna)","Fly","",""
80,"E","lyrical","1","B","static/B1_lyrical.mp3","University pool",10,8,NA,NA,NA,"Jessie J (feat. B.o.B)","Price tag",NA,"price tag"
80,"E","lyrical","2","B","static/B2_lyrical.mp3","University pool",10,5,6,1,10,"Iggy Azalea (ft. Charli XCX)","Fancy",NA,""
80,"E","lyrical","3","B","static/B3_lyrical.mp3","University pool",10,9,NA,NA,6,"Outkast","Ms. Jackson",NA,"mrs jackson"
80,"E","instrumental","1","A","static/A1_instrumental.mp3","University pool",2,4,6,1,3,"Eminem","The way I am",NA,""
80,"E","instrumental","2","A","static/A2_instrumental.mp3","University pool",1,3,3,NA,3,"Post Malone","WoW",NA,""
80,"E","instrumental","3","A","static/A3_instrumental.mp3","University pool",1,3,3,1,5,"Nicki Minaj (feat. Rihanna)","Fly",NA,""
81,"E","lyrical","1","B","static/B1_lyrical.mp3","University pool",10,10,10,1,7,"Jessie J (feat. B.o.B)","Price tag","Jessie J","Price tag"
81,"E","lyrical","2","B","static/B2_lyrical.mp3","University pool",10,8,8,3,8,"Iggy Azalea (ft. Charli XCX)","Fancy","Charlie XCX","Fancy"
81,"E","lyrical","3","B","static/B3_lyrical.mp3","University pool",10,5,8,3,5,"Outkast","Ms. Jackson","",""
81,"E","instrumental","1","A","static/A1_instrumental.mp3","University pool",1,5,4,1,2,"Eminem","The way I am","",""
81,"E","instrumental","2","A","static/A2_instrumental.mp3","University pool",1,6,5,1,2,"Post Malone","WoW","",""
81,"E","instrumental","3","A","static/A3_instrumental.mp3","University pool",1,7,7,1,5,"Nicki Minaj (feat. Rihanna)","Fly","",""
82,"E","lyrical","1","B","static/B1_lyrical.mp3","University pool",10,8,9,1,10,"Jessie J (feat. B.o.B)","Price tag","Jessie J","price tag"
82,"E","lyrical","2","B","static/B2_lyrical.mp3","University pool",10,7,7,1,9,"Iggy Azalea (ft. Charli XCX)","Fancy","iggy azalea, charlie xcx","fancy"
82,"E","lyrical","3","B","static/B3_lyrical.mp3","University pool",10,10,10,1,10,"Outkast","Ms. Jackson","outkast","ms jackson"
82,"E","instrumental","1","A","static/A1_instrumental.mp3","University pool",4,8,9,1,6,"Eminem","The way I am","",""
82,"E","instrumental","2","A","static/A2_instrumental.mp3","University pool",1,4,4,1,5,"Post Malone","WoW","",""
82,"E","instrumental","3","A","static/A3_instrumental.mp3","University pool",6,4,3,2,4,"Nicki Minaj (feat. Rihanna)","Fly","",""
83,"E","lyrical","1","B","static/B1_lyrical.mp3","University pool",10,2,2,1,9,"Jessie J (feat. B.o.B)","Price tag","Jessie J","Price Tag"
83,"E","lyrical","2","B","static/B2_lyrical.mp3","University pool",10,4,4,1,9,"Iggy Azalea (ft. Charli XCX)","Fancy","Iggy Azaelia","Fancy"
83,"E","lyrical","3","B","static/B3_lyrical.mp3","University pool",10,7,8,1,7,"Outkast","Ms. Jackson","Outkast","Ms Jackson"
83,"E","instrumental","1","A","static/A1_instrumental.mp3","University pool",1,2,2,1,4,"Eminem","The way I am","",""
83,"E","instrumental","2","A","static/A2_instrumental.mp3","University pool",9,8,8,1,5,"Post Malone","WoW","post malone ","wow"
83,"E","instrumental","3","A","static/A3_instrumental.mp3","University pool",10,8,8,1,7,"Nicki Minaj (feat. Rihanna)","Fly","nicki minaj ","fly"
84,"E","lyrical","1","B","static/B1_lyrical.mp3","University pool",10,8,8,1,9,"Jessie J (feat. B.o.B)","Price tag","Jessie J ","Price Tag"
84,"E","lyrical","2","B","static/B2_lyrical.mp3","University pool",10,9,9,3,9,"Iggy Azalea (ft. Charli XCX)","Fancy","Iggy Azelea ","Fancy"
84,"E","lyrical","3","B","static/B3_lyrical.mp3","University pool",9,9,8,5,7,"Outkast","Ms. Jackson","Outkast","Miss Jackon "
84,"E","instrumental","1","A","static/A1_instrumental.mp3","University pool",6,6,6,2,4,"Eminem","The way I am","",""
84,"E","instrumental","2","A","static/A2_instrumental.mp3","University pool",5,5,5,3,5,"Post Malone","WoW","chris brown?",""
84,"E","instrumental","3","A","static/A3_instrumental.mp3","University pool",4,4,4,3,4,"Nicki Minaj (feat. Rihanna)","Fly","",""
85,"F","lyrical","1","B","static/B1_lyrical.mp3","University pool",10,7,7,1,8,"Jessie J (feat. B.o.B)","Price tag","Jessie J","Price Tag"
85,"F","lyrical","2","B","static/B2_lyrical.mp3","University pool",10,8,8,1,9,"Iggy Azalea (ft. Charli XCX)","Fancy","Izzy Azalea","Fancy "
85,"F","lyrical","3","B","static/B3_lyrical.mp3","University pool",10,6,7,1,7,"Outkast","Ms. Jackson","","Ms Jackson"
85,"F","instrumental","1","A","static/A1_instrumental.mp3","University pool",4,2,2,1,7,"Eminem","The way I am","Eminem",""
85,"F","instrumental","2","A","static/A2_instrumental.mp3","University pool",6,6,5,1,7,"Post Malone","WoW","","J wagon"
85,"F","instrumental","3","A","static/A3_instrumental.mp3","University pool",2,4,5,1,7,"Nicki Minaj (feat. Rihanna)","Fly","",""
86,"F","lyrical","1","B","static/B1_lyrical.mp3","University pool",10,9,9,1,9,"Jessie J (feat. B.o.B)","Price tag","Jessie J","Price Tag"
86,"F","lyrical","2","B","static/B2_lyrical.mp3","University pool",9,8,6,1,10,"Iggy Azalea (ft. Charli XCX)","Fancy","Nicki minaj","Fancy"
86,"F","lyrical","3","B","static/B3_lyrical.mp3","University pool",9,9,8,1,7,"Outkast","Ms. Jackson","Iggy Azalia","Miss Jackson"
86,"F","instrumental","1","A","static/A1_instrumental.mp3","University pool",2,3,1,1,3,"Eminem","The way I am","Outcast","Gangsters Paradise"
86,"F","instrumental","2","A","static/A2_instrumental.mp3","University pool",3,2,3,1,3,"Post Malone","WoW","Outcast","fly"
86,"F","instrumental","3","A","static/A3_instrumental.mp3","University pool",3,3,NA,1,4,"Nicki Minaj (feat. Rihanna)","Fly","Outcast","Fancy"
87,"F","lyrical","1","B","static/B1_lyrical.mp3","University pool",10,10,10,1,5,"Jessie J (feat. B.o.B)","Price tag","Jessie J","Price tag"
87,"F","lyrical","2","B","static/B2_lyrical.mp3","University pool",10,5,4,1,6,"Iggy Azalea (ft. Charli XCX)","Fancy","Iggy Azalia","fancy"
87,"F","lyrical","3","B","static/B3_lyrical.mp3","University pool",6,3,3,1,5,"Outkast","Ms. Jackson","outkast","Ms Jackson"
87,"F","instrumental","1","A","static/A1_instrumental.mp3","University pool",10,7,5,1,5,"Eminem","The way I am","eminem",""
87,"F","instrumental","2","A","static/A2_instrumental.mp3","University pool",NA,NA,NA,NA,NA,"Post Malone","WoW","",""
87,"F","instrumental","3","A","static/A3_instrumental.mp3","University pool",2,1,1,1,4,"Nicki Minaj (feat. Rihanna)","Fly","",""
88,"F","lyrical","1","B","static/B1_lyrical.mp3","University pool",10,7,8,1,4,"Jessie J (feat. B.o.B)","Price tag","Jessie J","Price Tag"
88,"F","lyrical","2","B","static/B2_lyrical.mp3","University pool",10,9,9,1,6,"Iggy Azalea (ft. Charli XCX)","Fancy","Iggy Azealea and Charlie XCX","Fancy"
88,"F","lyrical","3","B","static/B3_lyrical.mp3","University pool",10,10,10,1,10,"Outkast","Ms. Jackson","Outkast","Ms Jackson"
88,"F","instrumental","1","A","static/A1_instrumental.mp3","University pool",10,8,6,1,3,"Eminem","The way I am","Eminem","N/A"
88,"F","instrumental","2","A","static/A2_instrumental.mp3","University pool",3,2,2,1,2,"Post Malone","WoW","Nicki Minaj and Rihanna","Fly"
88,"F","instrumental","3","A","static/A3_instrumental.mp3","University pool",2,1,2,1,2,"Nicki Minaj (feat. Rihanna)","Fly","Post malone","Wow"
89,"F","lyrical","1","B","static/B1_lyrical.mp3","University pool",10,9,9,1,9,"Jessie J (feat. B.o.B)","Price tag","Jessie J","Price Tag"
89,"F","lyrical","2","B","static/B2_lyrical.mp3","University pool",9,8,7,2,5,"Iggy Azalea (ft. Charli XCX)","Fancy","Iggy Azalia","Fancy"
89,"F","lyrical","3","B","static/B3_lyrical.mp3","University pool",6,7,7,1,5,"Outkast","Ms. Jackson","Outcast","sorry ms jackson"
89,"F","instrumental","1","A","static/A1_instrumental.mp3","University pool",3,5,5,1,4,"Eminem","The way I am","",""
89,"F","instrumental","2","A","static/A2_instrumental.mp3","University pool",2,3,3,1,3,"Post Malone","WoW","",""
89,"F","instrumental","3","A","static/A3_instrumental.mp3","University pool",5,5,5,1,6,"Nicki Minaj (feat. Rihanna)","Fly","",""
90,"F","lyrical","1","B","static/B1_lyrical.mp3","University pool",10,8,8,1,6,"Jessie J (feat. B.o.B)","Price tag","Jessie J","Price Tag"
90,"F","lyrical","2","B","static/B2_lyrical.mp3","University pool",7,5,5,1,7,"Iggy Azalea (ft. Charli XCX)","Fancy","Iggy Azealea and Charlie XCX","Fancy"
90,"F","lyrical","3","B","static/B3_lyrical.mp3","University pool",5,5,4,1,3,"Outkast","Ms. Jackson","Outkast","Ms Jackson"
90,"F","instrumental","1","A","static/A1_instrumental.mp3","University pool",6,4,3,1,3,"Eminem","The way I am","Eminem","N/A"
90,"F","instrumental","2","A","static/A2_instrumental.mp3","University pool",1,2,2,1,5,"Post Malone","WoW","Post malone","N/A"
90,"F","instrumental","3","A","static/A3_instrumental.mp3","University pool",1,3,4,1,4,"Nicki Minaj (feat. Rihanna)","Fly","",""
91,"F","lyrical","1","B","static/B1_lyrical.mp3","University pool",10,8,9,1,5,"Jessie J (feat. B.o.B)","Price tag","Jessie J","Price Tag"
91,"F","lyrical","2","B","static/B2_lyrical.mp3","University pool",10,8,8,1,8,"Iggy Azalea (ft. Charli XCX)","Fancy","Iggy Azalia","Fancy"
91,"F","lyrical","3","B","static/B3_lyrical.mp3","University pool",10,9,9,1,7,"Outkast","Ms. Jackson","Outcast","Miss Jackson"
91,"F","instrumental","1","A","static/A1_instrumental.mp3","University pool",10,8,8,2,5,"Eminem","The way I am","Eminem","fly"
91,"F","instrumental","2","A","static/A2_instrumental.mp3","University pool",3,5,5,1,5,"Post Malone","WoW","Post Malone","Gangsters Paradise"
91,"F","instrumental","3","A","static/A3_instrumental.mp3","University pool",1,1,1,1,1,"Nicki Minaj (feat. Rihanna)","Fly","Nicki minaj",""
92,"F","lyrical","1","B","static/B1_lyrical.mp3","University pool",10,8,NA,1,5,"Jessie J (feat. B.o.B)","Price tag","Jessie J","Price Tag"
92,"F","lyrical","2","B","static/B2_lyrical.mp3","University pool",10,7,8,1,8,"Iggy Azalea (ft. Charli XCX)","Fancy","Iggy I","Fancy"
92,"F","lyrical","3","B","static/B3_lyrical.mp3","University pool",10,9,9,1,5,"Outkast","Ms. Jackson","Outkast","Miss Jackson"
92,"F","instrumental","1","A","static/A1_instrumental.mp3","University pool",8,2,2,1,4,"Eminem","The way I am","",""
92,"F","instrumental","2","A","static/A2_instrumental.mp3","University pool",9,7,6,2,5,"Post Malone","WoW","",""
92,"F","instrumental","3","A","static/A3_instrumental.mp3","University pool",10,9,9,1,6,"Nicki Minaj (feat. Rihanna)","Fly","Nicki Minaj","Fly"
93,"F","lyrical","1","B","static/B1_lyrical.mp3","University pool",10,10,10,1,10,"Jessie J (feat. B.o.B)","Price tag","Jessie J","Price Tag"
93,"F","lyrical","2","B","static/B2_lyrical.mp3","University pool",8,8,7,7,10,"Iggy Azalea (ft. Charli XCX)","Fancy","Iggy Azalea","Fancy"
93,"F","lyrical","3","B","static/B3_lyrical.mp3","University pool",10,10,10,7,10,"Outkast","Ms. Jackson","Outkast","Ms Jackson"
93,"F","instrumental","1","A","static/A1_instrumental.mp3","University pool",6,7,8,6,8,"Eminem","The way I am","Eminem",""
93,"F","instrumental","2","A","static/A2_instrumental.mp3","University pool",2,2,7,1,3,"Post Malone","WoW","",""
93,"F","instrumental","3","A","static/A3_instrumental.mp3","University pool",8,8,10,1,3,"Nicki Minaj (feat. Rihanna)","Fly","Nicki Minaj",""
94,"F","lyrical","1","B","static/B1_lyrical.mp3","University pool",10,9,8,1,8,"Jessie J (feat. B.o.B)","Price tag","Jessy J","Price Tag"
94,"F","lyrical","2","B","static/B2_lyrical.mp3","University pool",9,6,6,1,9,"Iggy Azalea (ft. Charli XCX)","Fancy","Iggy Azalea/ Charli XCX","Fancy"
94,"F","lyrical","3","B","static/B3_lyrical.mp3","University pool",8,7,7,2,7,"Outkast","Ms. Jackson","","Miss Jackson"
94,"F","instrumental","1","A","static/A1_instrumental.mp3","University pool",4,3,3,1,4,"Eminem","The way I am","",""
94,"F","instrumental","2","A","static/A2_instrumental.mp3","University pool",1,3,2,1,3,"Post Malone","WoW","",""
94,"F","instrumental","3","A","static/A3_instrumental.mp3","University pool",3,3,4,1,3,"Nicki Minaj (feat. Rihanna)","Fly","",""
95,"F","lyrical","1","B","static/B1_lyrical.mp3","University pool",9,8,8,3,10,"Jessie J (feat. B.o.B)","Price tag","jessie jay ",NA
95,"F","lyrical","2","B","static/B2_lyrical.mp3","University pool",8,7,8,2,10,"Iggy Azalea (ft. Charli XCX)","Fancy","",NA
95,"F","lyrical","3","B","static/B3_lyrical.mp3","University pool",2,7,7,2,9,"Outkast","Ms. Jackson","",NA
95,"F","instrumental","1","A","static/A1_instrumental.mp3","University pool",1,6,7,1,4,"Eminem","The way I am","",NA
95,"F","instrumental","2","A","static/A2_instrumental.mp3","University pool",1,7,8,2,2,"Post Malone","WoW","",NA
95,"F","instrumental","3","A","static/A3_instrumental.mp3","University pool",1,7,6,1,2,"Nicki Minaj (feat. Rihanna)","Fly","",NA
96,"F","lyrical","1","B","static/B1_lyrical.mp3","University pool",10,9,9,1,9,"Jessie J (feat. B.o.B)","Price tag","Katy Perry","Price Tag"
96,"F","lyrical","2","B","static/B2_lyrical.mp3","University pool",10,7,7,2,9,"Iggy Azalea (ft. Charli XCX)","Fancy","Iggy ",""
96,"F","lyrical","3","B","static/B3_lyrical.mp3","University pool",10,9,8,1,8,"Outkast","Ms. Jackson","","Miss Jackson"
96,"F","instrumental","1","A","static/A1_instrumental.mp3","University pool",2,3,2,1,5,"Eminem","The way I am","",""
96,"F","instrumental","2","A","static/A2_instrumental.mp3","University pool",10,9,9,1,9,"Post Malone","WoW","Post Malone",""
96,"F","instrumental","3","A","static/A3_instrumental.mp3","University pool",1,2,2,1,5,"Nicki Minaj (feat. Rihanna)","Fly","",""
97,"F","lyrical","1","B","static/B1_lyrical.mp3","University pool",10,6,8,1,10,"Jessie J (feat. B.o.B)","Price tag","Jessie J","price tag "
97,"F","lyrical","2","B","static/B2_lyrical.mp3","University pool",10,8,8,1,10,"Iggy Azalea (ft. Charli XCX)","Fancy","charlie xcx ","fancy"
97,"F","lyrical","3","B","static/B3_lyrical.mp3","University pool",10,9,9,1,10,"Outkast","Ms. Jackson","outkast","Ms Jackson"
97,"F","instrumental","1","A","static/A1_instrumental.mp3","University pool",2,2,3,1,6,"Eminem","The way I am","",""
97,"F","instrumental","2","A","static/A2_instrumental.mp3","University pool",5,3,2,1,5,"Post Malone","WoW","",""
97,"F","instrumental","3","A","static/A3_instrumental.mp3","University pool",7,5,4,1,5,"Nicki Minaj (feat. Rihanna)","Fly","Rihanna",""
98,"F","lyrical","1","B","static/B1_lyrical.mp3","University pool",10,10,10,1,7,"Jessie J (feat. B.o.B)","Price tag","Jessie ","Pricetag"
98,"F","lyrical","2","B","static/B2_lyrical.mp3","University pool",10,8,9,2,9,"Iggy Azalea (ft. Charli XCX)","Fancy","Gwen Steffani","Fast lane"
98,"F","lyrical","3","B","static/B3_lyrical.mp3","University pool",10,10,10,1,10,"Outkast","Ms. Jackson","Outcast","Miss Jackson"
98,"F","instrumental","1","A","static/A1_instrumental.mp3","University pool",10,10,10,3,8,"Eminem","The way I am","Eminem","can't remember"
98,"F","instrumental","2","A","static/A2_instrumental.mp3","University pool",1,3,6,2,7,"Post Malone","WoW","?","?"
98,"F","instrumental","3","A","static/A3_instrumental.mp3","University pool",1,5,4,1,7,"Nicki Minaj (feat. Rihanna)","Fly","?","?"
99,"F","lyrical","1","B","static/B1_lyrical.mp3","University pool",10,10,10,1,7,"Jessie J (feat. B.o.B)","Price tag","Jessy J","Price Tag"
99,"F","lyrical","2","B","static/B2_lyrical.mp3","University pool",9,8,8,1,6,"Iggy Azalea (ft. Charli XCX)","Fancy","","Fancy"
99,"F","lyrical","3","B","static/B3_lyrical.mp3","University pool",10,10,10,1,1,"Outkast","Ms. Jackson","","Ms Jackson"
99,"F","instrumental","1","A","static/A1_instrumental.mp3","University pool",1,8,6,1,1,"Eminem","The way I am","",""
99,"F","instrumental","2","A","static/A2_instrumental.mp3","University pool",1,8,8,1,1,"Post Malone","WoW","",""
99,"F","instrumental","3","A","static/A3_instrumental.mp3","University pool",8,5,8,1,1,"Nicki Minaj (feat. Rihanna)","Fly","",""
100,"F","lyrical","1","B","static/B1_lyrical.mp3","University pool",10,8,10,1,9,"Jessie J (feat. B.o.B)","Price tag","Jessie J ","Price Tag"
100,"F","lyrical","2","B","static/B2_lyrical.mp3","University pool",10,5,7,1,9,"Iggy Azalea (ft. Charli XCX)","Fancy","Iggy ft Charli xcx","Fancy"
100,"F","lyrical","3","B","static/B3_lyrical.mp3","University pool",9,7,9,1,6,"Outkast","Ms. Jackson","",""
100,"F","instrumental","1","A","static/A1_instrumental.mp3","University pool",9,6,NA,1,9,"Eminem","The way I am","",""
100,"F","instrumental","2","A","static/A2_instrumental.mp3","University pool",9,4,4,1,7,"Post Malone","WoW","",""
100,"F","instrumental","3","A","static/A3_instrumental.mp3","University pool",10,9,9,1,7,"Nicki Minaj (feat. Rihanna)","Fly","",""
101,"F","lyrical","1","B","static/B1_lyrical.mp3","University pool",10,6,7,1,9,"Jessie J (feat. B.o.B)","Price tag","Jessie J","Pricetag"
101,"F","lyrical","2","B","static/B2_lyrical.mp3","University pool",10,8,8,1,8,"Iggy Azalea (ft. Charli XCX)","Fancy","Iggy Azalea","Fancy"
101,"F","lyrical","3","B","static/B3_lyrical.mp3","University pool",10,8,9,1,9,"Outkast","Ms. Jackson","","Miss Jackson"
101,"F","instrumental","1","A","static/A1_instrumental.mp3","University pool",1,4,4,1,6,"Eminem","The way I am","",""
101,"F","instrumental","2","A","static/A2_instrumental.mp3","University pool",8,9,8,1,8,"Post Malone","WoW","post malone","wow"
101,"F","instrumental","3","A","static/A3_instrumental.mp3","University pool",6,7,7,1,6,"Nicki Minaj (feat. Rihanna)","Fly","nicki minaj",""
